Id, Frequency
Kohlenhydrate, 1160
Haut, 1109
FARBEN, 1090
fit Jeans, 954
Micky Maus, 835
Herbst, 832
Sex, 814
kcal, 800
Teig, 781
Lachs, 780
Dinge, 770
Weihnachten, 764
Maus, 754
ausgewogene Ernährung, 746
Bummel übern Weihnachtsmarkt, 742
Zubereitungszeit, 721
Ringe schneiden, 692
Grippeimpfung, 687
Wohlbefinden, 681
Zwiebel, 638
PANTS, 628
Lower, 614
Bein, 607
inneren Werte, 605
Ruhe und Entspannung, 605
Entspannung Sicher Schwimmen, 605
Kraft, 603
Abs, 597
Geburt, 591
Sephora Unlimited Beauty, 591
Beine, 588
Stand in Sachen, 583
Eier, 581
Look, 577
Produktempfehlungen im Überblick, 570
abnehmen, 569
UnsVon Alexandra, 569
Butter, 567
längs halbieren, 564
Stress, 554
Tipps und Tricks, 552
Musik, 552
Dezember, 550
SPARE, 547
Gutschein, 545
Fashion Week, 544
Boys, 543
Pia Roberta, 535
selbstbewusste Frauen, 535
Schwarze, 535
Baur Gutschein, 534
paar Euro, 534
Christ, 534
JEANS, 533
Themen, 532
Vergleich, 532
Dead White Men, 532
Bondi de AntoniUm, 531
per Telefonhotline, 530
Folgen Sie UnsDie, 529
Martin, 527
Umluft, 526
Sephora UNLIMITED Mitglied, 526
Laut Horoskop, 524
Knie, 524
Kapuzenpullover, 523
Kerry Martin, 522
Modetrend, 519
Week Paris Frühjahr, 519
Meldungen und News, 518
Frau, 518
Sterne, 517
Jogginghose, 515
New Wave Reggae, 512
Scheiben, 511
findest, 506
Fitness, 505
Pia Roberta SeelowVon, 503
Anbieter, 497
vierthäufigsten psychischen Erkrankungen, 495
Familien, 494
Kerry, 493
psychischen Erkrankungen, 492
AntoniVon Alexandra Bondi, 492
Familie, 490
Stücke schneiden, 488
Arbeit, 487
Mädchen, 486
Glück, 485
Familienalltag, 482
Kinder und Großeltern, 482
eher medizinische Themen, 482
Diagnose für Mutter, 482
Boden, 482
Skinny Jeans, 482
Hamburg, 480
Alizé Demange, 480
METAL HAMMER PARADISE, 479
Ingwer, 478
Pfanne, 477
StartseiteFamilie Gesundheit, 476
Bestellung, 472
Sephora Unlimited, 470
Gerät, 469
HAMMER PODCAST FOLGE, 469
Sachen Stil, 468
nachhaltiger Ernährung, 466
Trends und Diäten, 466
Gewicht, 466
Mehl, 466
Salz und Pfeffer, 460
Zwiebel abziehen, 460
Girls, 458
RABATT, 458
Verarbeitung, 457
Stores Limited, 457
Reis, 456
wissen, 456
Cookies, 456
Kondition, 453
Beweglichkeit, 453
Infos und Tipps, 453
findest du Infos, 453
Themen Sport, 453
Sport und Fitness, 453
Angststörungen Sicher Schwimmen, 453
mal, 453
Jungen, 452
Prozent, 450
Zucker, 450
StartseiteWohlbefindenFitness Mehr Kraft, 449
Gewicht zu verlieren, 448
Psyche, 447
körperliche Gesundheit, 447
Seele baumeln lässt, 447
Gefühlen wie Einsamkeit, 447
Psyche kümmert, 447
Marotte Konzentriert arbeiten, 447
Sephora App shoppen, 446
Haushaltsprodukte, 444
New York, 442
November, 442
Verbraucher, 440
Produktvergleich, 440
aktuellen Gutscheinen, 440
halbieren, 440
manchmal ganz schön, 439
starke Abwehrkräfte, 438
laut Horoskop, 434
SCOTCHONME CURRENTLY TRENDING, 434
Hause, 430
würfeln, 430
Januar, 430
Kosmetik, 425
Menge Tipps, 424
Fußbereichsmenü Social Media, 424
Verlag, 424
Medizin, 423
medizinische Fakten, 421
Krankheiten und Symptomen, 421
Kindern Laktoseintoleranz, 421
Fakten und Neuigkeiten, 421
Beruf, 420
Produkte, 420
abziehen, 420
StartseiteMedizin Gesundheit, 417
Beschwerden, 417
Earthcolors By Archroma, 417
AUSGEWÄHLTE, 416
Geschenkkarte Geschenkkarte Bleiben, 414
Auswahl, 413
Ausgabe, 412
Städte METAL HAMMER, 410
Stück, 408
Kontakt, 407
verraten, 406
Stoffwechsel, 401
Chili, 400
feine Streifen schneiden, 400
Staubsauger, 398
Salzwasser, 398
Schwangerschaft, 396
UnsVon Lea, 396
Week Mailand Frühjahr, 395
E-Mail, 395
Sephora App, 395
Partner, 394
entkernen, 394
neueste Kollektion, 394
Wacken Open Air, 394
Männer, 388
Neuheiten, 387
Verarbeitung personenbezogener Daten, 387
Rücken, 386
Instagram aktivieren, 385
Bett, 385
auftauen, 385
App shoppen, 384
Stress vermeidest, 383
ONLY BLUE DENIM, 382
Neuheiten und persönliche, 381
Symptome, 380
persönliche Angebote, 379
Digital, 377
Bob, 377
Fenchel, 376
Kochen und Backen, 376
Verpasse keine Neuheiten, 376
Leute, 374
Primark Stores, 371
UnsVon Pia Roberta, 371
Ravioli, 370
trennen, 368
kalt, 368
Superdrys Auswahl, 368
Chili con Carne, 366
Frisuren, 365
Minuten braten, 364
Rezepte zum Kochen, 364
Damen, 364
Gefühl, 363
Obst, 362
Miriam NehringVon Miriam, 362
Eismaschine Mediterrane Küche, 361
Strick, 361
ums Thema Gesundheit, 360
Impressum Impressum, 360
TMG, 360
bares Geld, 359
Redakteurin, 359
Geld, 358
Küchenpraxis spannend, 358
Chefredakteurin Gaby Höger, 358
aktuelle Rezept-Ideen, 358
Rezept-Ideen und Neuheiten, 358
Klambt Digital Hub, 358
VERO MODA, 358
Gänsemarkt, 357
min.Eine, 357
Back­pulver mischen, 356
Eigelbe mit Currypulver, 356
Mehl und Back­pulver, 356
Eier trennen, 356
las­sen, 356
evtl, 356
Brokkoli auftauen, 356
Röschen teilen, 356
auftauen las­sen, 356
las­sen und evtl, 356
Brokkoli auftauen las­sen, 356
Lachs auftauen, 356
abbrausen und trocken, 356
Lachs auftauen lassen, 356
kalt abbrausen, 356
längs, 356
fein reiben, 356
Folgende Daten, 356
folgende Daten gespeichert, 356
Vielzahl verschiedener Styles, 356
METAL HAMMER lesen, 356
Beziehung, 355
coolsten internationalen Modemarken, 354
internationalen Modemarken betreten, 354
leckere Rezepte, 353
Unlimited Beauty Programm.E, 353
Banken, 352
Aktuelle, 352
Vergleiche, 352
Aktuelle Vergleiche, 352
Bohnen, 351
Suche, 351
Entspannung, 350
Mäntel für Damen, 349
Rabatt BELIEBTE KATEGORIEN, 349
trocken, 348
Filets, 348
salzen, 348
pfeffern, 348
Pfanne vom Herd, 348
garen, 348
Packungsanweisung, 348
Bohnen auftauen, 348
Bohnen auftauen lassen, 348
Packungsanweisung in Salzwasser, 348
Impfstoff, 346
ONLY, 346
MenüLaut Horoskop, 345
Bleib gesund, 345
Portion Entspannung, 345
Muskulatur, 345
ordentlichen Portion Entspannung, 345
StartseiteWohlbefindenPsycheTschüss Stress, 345
Sport, 345
Impfung, 344
Bex Gillam, 344
Corona, 343
Entspannungstechniken lernen Blitzentspannung, 342
Hemd, 342
feine Ringe schneiden, 340
Videos mit Tipps, 338
Newsletter unserer Chefredakteurin, 336
BRIGITTE, 335
Harry Potter, 335
Paare, 333
Egal, 333
Frisur, 333
ultimativen meistverkauften Designs, 332
Alter, 331
Oktober, 330
fein würfeln, 328
The, 327
ProduktvergleichOTTO GutscheineeBay Gutscheinebaur, 327
Just Like That, 327
Verlag GmbH, 327
The Pooh Cares, 326
Kind, 325
Essen, 322
ONLY CARMAKOMA Styles, 321
Gefühle, 320
Aszendenten, 319
Rezepte Vegane Rezepte, 318
VERO MODA Club, 315
Kuchen, 314
Hormone, 312
gesund, 312
StartseiteFamiliePartnerschaft, 311
Themen Verhütung, 311
Rolle der Sex, 311
Sexualität, 311
zusammenbleiben und glücklich, 311
Leben lang zusammenbleiben, 311
leckeren Rezeptideen, 311
Kaffee, 311
Methode, 311
Outfit, 310
Job, 309
UnsVon Hella SchneiderUm, 309
Verhütung und Familienplanung, 308
StartseiteFamiliePartnerschaft und Sexualität, 308
StartseiteErnährungRezepte Was koche, 308
Tel., 308
handverlesene Auswahl, 308
Newsletter, 307
Stars, 307
per E-Mail erhalten, 306
Beauty Themen, 306
Superdry Studios Recycled-Kollektion, 306
EntfernenDein, 306
Sachen, 305
Bleiben, 305
Zwiebeln abziehen, 304
Inhalte, 304
Konto bei Superdry, 304
Wunschliste Bleiben, 304
Positive Change Award, 304
RECYCELT Bleiben, 304
Superdry Studios, 304
recycelten Materialien hergestellt, 304
bringen komplexe Sachverhalte, 303
komplexe Sachverhalte verständlich, 303
wichtige Infos, 303
Infos zu aktuellen, 303
medizinischen Themen, 303
Impfen, 303
aktuellen medizinischen Themen, 303
Zecken Herdenimmunität, 303
ums Impfen, 303
Instagram, 303
Sweatshirts für Damen, 303
UnsVon Pia, 303
kaufen, 303
Styles für Herren, 302
Wasserflaschen für Herren, 302
Kollektion für Damen, 302
Fruktose oder Gluten, 300
StartseiteMedizinMedizinwissen Egal, 300
Horror Vacui Sweatshirt, 300
registriert Neukunden Bleiben, 300
Kleidung für Herren, 300
Vintage Bleiben, 300
Superdry Studios Bleiben, 300
System, 299
And Just Like, 299
Hand, 298
Auswahl an Geschenkartikeln, 298
Klambt-Verlag, 298
KONTAKT, 298
belastende Situationen, 297
hinzu kommen Konflikte, 297
essen, 296
Körper Laktoseintoleranz, 296
Herz-Kreislauf, 296
Körperfunktionen und Organen, 296
komplexes System, 296
Modetrends, 296
Fashion Week Mailand, 295
Top oder Flop, 295
Ofen, 294
Media Links Kategorien, 294
Gänsemarkt 21-23, 294
Mode-Trends sowie Taschen, 294
VOGUE Beauty-Kosmos, 294
Anrufe bei Sorgentelefonen, 294
Wellness, 293
StartseiteMedizinKörper, 293
StartseiteMedizinKörper Stoffwechsel, 293
Wochen, 293
Tina, 292
Cheese Tea, 292
UnsDie neuesten Mode-Trends, 291
UnsDie neuesten Beauty-Trends, 291
Stil, 291
Festival Summer Breeze, 291
Vagina, 290
Website, 289
wichtigen Nährstoffen, 288
Winter Essentials Bleiben, 288
Hausmittel, 288
SchneiderVon Alexandra Bondi, 288
Risiko, 287
Roswitha Broszath, 287
Krankheiten wie Diabetes, 286
Nährstoffen, 286
Größe, 286
Konto, 285
zudem seltener Gewichtsprobleme, 284
versorgt seinen Körper, 284
sorgt für Power, 284
stärkt das Immunsystem, 284
Risiko für Krankheiten, 284
gesund ernährt, 284
Gesund essen Kürbis, 284
Accessoires, 284
Modemarken betreten, 284
Superdry, 283
easy, 282
SHOPPEN, 282
Appetit, 281
easy per e-Mail, 280
News und Trends, 280
StartseiteErnährungGesund essen, 280
Balbina, 280
Neu eingetroffenDisney, 280
Geburtstag, 278
Veränderungen, 278
neuesten, 278
MenüNoch, 277
e-Mail, 277
easy per, 277
per e-Mail, 277
MenüNoch mehr News, 277
Mütter und Väter, 277
Pancakes, 277
Sneaker, 277
Nebensache der Welt, 276
MusikerInnen mit Stil, 276
Daniela, 276
Versand Zeig, 276
tunZwischensummeGesamtKostenloser Versand Zeig, 276
Tricks, 274
Tee, 273
Genuss, 273
Jana, 273
wählen unsere Redakteur, 273
Winnie The Pooh, 273
VOGUE loves, 272
Tipps New Work, 272
Quo nachhaltigen Lifestyles, 272
T-Shirt, 272
Daniela Meichelböck, 272
Hersteller, 271
Teint, 271
Anmeldung VOGUE Newsletter, 271
Blut, 270
möchten wissen, 270
Karten, 270
paar Euro reduziert, 270
Beeren, 270
Miriam, 270
Vielzahl an Star-Styles, 270
Work From Home, 270
White Men Clothes, 270
CODE, 270
aufregende Monate, 269
BESTE Woche, 268
Mal, 268
Knoblauch abziehen, 268
voll im Trend, 268
UnsVon Miriam NehringWenn, 268
Wichtelgeschenke für Herren, 268
Umweltfreundliche Geschenke, 268
Abschlusskollektion, 268
Daniela Meichelböck kennen, 268
Warten Daniela Meichelböck, 268
Babys Neu eingetroffen, 268
Thema Schwangerschaft, 267
Väter Antworten, 267
Bewegung oder Vorsorge, 267
ums Thema Schwangerschaft, 267
Geburt Diagnose Schwangerschaftsdiabetes, 267
Arme, 267
Nackenverspannungen Folge, 267
Nacken, 267
Nacken brennt, 267
sticht und zieht, 267
schnell zu spüren, 267
konzentriert am Schreibtisch, 267
Schmerzen schnell, 267
Schreibtisch arbeitet, 267
Genuss BMI, 267
Strategien, 267
Deutschen Adipositas Gesellschaft, 267
Monaten im Homeoffice, 267
Homeoffice diese Frage, 267
Abnehmen mit Genuss, 267
Blutzucker, 267
Grüter, 267
Jana Langer, 267
Diagnose bedeutet Plötzlich, 267
Schwangerschaftsdiabetes, 267
Tina Grüter, 267
Risiken Drei Übungen, 267
Knacken Vorboten, 267
Professor, 267
Schmerzen hast.Unsere Knie, 267
Ostermeier, 267
knacken, 267
Professor Ostermeier, 267
Knie knacken, 267
Anzahl an VergleichenGanz, 267
Geld sparenUnabhängig, 267
Verbraucher­vergleiche Beliebte Vergleiche, 267
VergleichenGanz einfach bares, 267
einfach bares Geld, 267
bares Geld sparenUnabhängig, 267
Baur Aktionscodes, 267
Baur Rabatt erhalten, 267
Baur Gutschein einlösen, 267
Baur Gutschein hinterlegen, 267
Baur Rabatt, 267
Baur Gutschein korrekt, 267
Baur Codes, 267
Baur Rabattcode, 267
Baur, 267
eBay Gutschein, 267
eBay Gutscheine genau, 267
eBay Code, 267
eBay Coupons, 267
eBay Codes, 267
eBay, 267
eBay Gutscheine, 267
OTTO Gutschein, 267
Euro reduziert, 267
OTTO Rabattcode, 267
OTTO Rabattgutschein, 267
kostenlosen OTTO Gutschein, 267
OTTO Gutscheincode, 267
OTTO, 267
OTTO Gutscheine, 267
Christ Rabatt ergeben, 267
renommierten Online-Juwelier bares, 267
Christ Rabatt, 267
Christ Gutscheine, 267
Online-Juwelier bares Geld, 267
EXTRA, 267
Grippe impfen lassen, 266
Doppelinfektion verringern, 266
Regine Heilbronn, 266
Risiko einer Doppelinfektion, 266
schwere Krankheitsverläufe, 266
ums Thema Saugen, 266
Tragen, 266
Künstler Jojo Gronostay, 266
transdisziplinäre Label Dead, 266
Austrian Fashion Assosiation, 266
Dead White, 266
Men Clothes, 266
White Men, 266
Label Dead White, 266
Beziehung zwischen Neokolonialismus, 266
schön anstrengend, 265
Konzepte im Überblick, 265
kompakten Vergleichen, 265
Ergebnisse in Form, 265
DetailGründliche RechercheWir recherchieren, 265
aus.Perfekte ErgebnisseWir präsentieren, 265
Thema möglichst gründlich, 265
Gutscheincode, 265
Würfel schneiden, 265
Promis, 265
arbeiten, 265
Schwanger, 264
StartseiteFamilieSchwangerschaft und Geburt, 264
Geburt Schwanger, 264
enthalten, 264
Nackenverspannungen und Schmerzen, 264
Übungen die helfen, 264
Frustessen beziehungsweise Snacken, 264
StartseiteAnzeigeAbnehmen mit Genuss, 264
knirschen Kennst, 264
Tarotkarte, 264
nächsten Einkauf, 264
Christ Coupons, 264
ausschließlich Christ Gutscheine, 264
Bubbles, 264
Video American Pancakes, 264
frischen, 264
teilenSchwierigkeiteinfach Eier, 264
Ahornsirup, 264
Schuss Ahornsirup, 264
Inhalt teilenSchwierigkeiteinfach Eier, 264
Mehl Milliliter, 264
Watt, 264
Tamina Katz, 264
lässt Christina Seewald, 264
Seewald, 264
Christina Seewald, 264
gesunde Lebensmittel, 263
Kopfhörer, 262
Social Media, 262
min.Kinder lieben Spiele, 260
min.Kinder lieben, 260
Familie Spaß haben.Fakt, 260
Familienleben, 260
Familienleben kann manchmal, 260
Raum Schöne Ferien, 260
Modelle, 260
AUSGEWÄHLTE JACKEN, 260
neuesten Stand, 259
Topf, 258
Knoblauch, 258
Thigh Lift, 257
Position, 257
Arme und Beine, 257
Beinübung, 257
Gesunde Lebensmittel, 257
bewusste Konsumentscheidungen treffen, 257
StartseiteFamilieFamilienleben Das Familienleben, 256
spannenden Themen, 256
aka Mikayla Simpson, 256
Note To Self, 256
Behind the Scenes, 256
Support und Gemeinschaft, 256
Einstieg zu erleichtern, 256
Seite, 256
The Elder Scrolls, 256
Fotografin Anaïs Horn, 256
Backpapier ausgelegte Form, 256
gesunde Lebensmittel bevorzugt, 255
StartseiteErnährungGesund essenGesunde, 255
essenGesunde Lebensmittel, 255
StartseiteErnährungGesund essenGesunde Lebensmittel, 255
Beine trainieren, 254
Aszendent, 254
Abo abschließen, 254
aktuellsten News, 254
Everyday Lower, 254
Lower Price, 254
Seele baumeln, 253
Wäsche, 253
Miriam NehringThe Editvon, 252
gehört Mikayla Simpsons, 252
Lea EgererUm, 252
UnsVon Lea EgererUm, 252
schönste Nebensache, 252
Jacken und Mäntel, 252
Damen von Superdry, 252
METAL HAMMER Podcast, 252
Gulasch, 251
Deutschland, 251
Tageshoroskop, 250
NehringThe Editvon Miriam, 249
Wochen und Monaten, 248
Blank Canvas, 248
Genre Reggae steht, 248
Kapuzenpullover Neu eingetroffen, 248
Hygiene, 247
Socken, 246
Gesichtsform, 246
Love Brings Love, 246
VOGUE Redaktion umfasst, 245
Condé Nast, 245
Styles, 245
Leidenschaft, 244
Künstler, 244
meistverkauften Designs, 244
nächsten Superhits, 244
Abo, 243
Artikel-Überschrift Überschrift Spitzmarke, 242
Abnehmen, 242
puffy Logo-Print VOGUE, 242
Lust, 241
Nebensache, 240
Stronghold, 240
Ringe, 239
gefälschte Impfpässe Vorsicht, 239
Slogan Neu eingetroffen, 239
Kartoffeln, 239
Link, 238
New York City, 238
Weihnachtsgeschenk Neu eingetroffen, 238
Waschmaschine, 237
Fashion, 236
Gillam, 236
Produkt, 234
VOGUE NEXT presented, 234
Madeleine Darya Alizadeh, 234
soeben das Online-Universum, 234
internationalen Modemarken, 234
Herzen, 233
Immunsystem, 233
UnsVon Hella, 233
Text, 232
Stunde, 231
Sachen Liebe, 231
Damenmode mit Raffinesse, 231
TAILOR E-Commerce GmbH, 231
TOM TAILOR E-Commerce, 231
ABO, 231
KONTAKT ABO, 231
Augen, 230
Looks, 230
Haute Couture Frühjahr, 228
würfeln bzw. hacken, 228
Hinweis der Redaktion, 228
Eau de Toilette, 228
leben, 227
natürliche, 226
Jackpot, 225
Bondi de AntoniVon, 225
News über Mode, 225
Gewinnspiele und Sonderaktionen, 225
natürliche Verhütungsmethode, 225
glatten Teig verkneten, 224
Cut, 224
Ernährung Weihnachtsessen, 224
steht, 223
neu, 223
angesagtesten Fashion-Metropolen, 222
Bauer Xcel Media, 222
Xcel Media Deutschland, 222
Grippeimpfung schützt, 222
Trends der Saison, 222
Baumwolle, 222
Nüsse, 222
Fashion Week Paris, 221
Frage, 221
Welt der Beauty, 221
Sternzeichen Steinbock, 221
Abwehrkräfte, 221
Beauty Coup, 221
Primark Red Kapuzenpullover, 221
Mood Boost, 220
LETZTE CHANCE, 220
Biskuit, 220
SPARE MINDESTENS, 220
GmbH per E-Mail, 219
Grippe, 219
Krankheitserreger, 219
Abwehrkräfte Ein starkes, 219
Erreger, 219
beste Schutz, 219
Krankheitserreger unseren Körper, 219
starkes Immunsystem, 219
Hormone und Hilfsmittel, 219
natürlichen Verhütungsmethoden gelten, 219
Verhütungsmethoden, 219
Verhütungsmethoden beobachten Frauen, 219
Verhütung, 219
setzen stattdessen, 219
StartseiteFamiliePartnerschaft und SexualitätNatürliche, 219
Gründe, 218
Schießt die bunten, 218
JONES Hosen, 218
Teilen mit Print, 218
JJXX, 218
Tassen Kaffee, 217
Tür, 217
METAL HAMMER präsentiert, 217
Gewohnheiten, 216
Whitney Wolfe Herd, 216
Artikel gespeichert, 216
Millionen Superdry Sweatshirts, 216
positives ökologisches Vermächtnis, 216
Drapers Positive Change, 216
recycelten Materialien, 216
Fäden über Stoffe, 216
tunZwischensummeGesamtKostenloser VersandDie Geschenkkarten, 216
Geschenk für Familie, 216
Monaten, 215
Paar, 215
Minnie, 215
Weiß oder Schwarz, 215
Must-haves der Saison, 215
Metal, 215
bzw. hacken, 214
Krankheiten, 214
Laufenden bleiben, 214
Karriere, 214
Pia Roberta SeelowDie, 214
coolsten internationalen, 214
Amazon, 213
Art und Weise, 213
zuvor eingegebenen personenbezogenen, 213
Angst, 213
erfährst, 212
Stunden, 212
Work From, 212
Kategorie, 211
Kindern, 211
Haarpflege, 210
Bewegung, 210
HIMMEL HOCHvon Alexandra, 210
Pullover, 210
Disney Lilo, 210
Maschine, 209
Leggings, 209
Husten oder Niesen, 209
Hygiene Die richtige, 209
ausreichender Hygiene, 209
Hygiene schmal, 209
anstecken möchten, 209
ausreichender Hygiene schmal, 209
richtige Hygiene, 209
Hygiene schützt, 209
Mitmenschen vor Krankheiten, 209
richtige Hygiene schützt, 209
Beauty Maskne, 208
Tipps und Infos, 208
Infos zur Haut, 208
unseren täglichen Begleitern, 208
Kosmetik und Wellness, 208
würfeln bzw., 208
Knoblauch und Zwiebel, 208
fein würfeln bzw., 208
Chili in Ringe, 208
Sternanis und Zimt, 208
Würfel bzw, 208
Parfum, 208
kalten Jahreszeit, 208
vorheizen, 208
Beziehung und Schwangerschaft, 208
Frische deine Garderobe, 208
Langversion Jahreshoroskop, 207
Make-up, 207
ARTIKEL, 207
StartseiteWohlbefindenBeauty Sich wohlfühlen, 206
dicke Haare, 206
Kochen, 206
Nachhaltigkeit, 206
Abenteuer, 206
Strickneuheiten der Saison, 206
zukünftig leben, 206
VOGUE Sustainable Picks, 206
Roberta SeelowDie, 206
The Gap, 206
New, 205
Guido Maria Kretschmer, 205
Slogan für Babys, 205
Minuten köcheln lassen, 204
Disney Frozen, 204
Outfits, 204
Pfeffer, 204
From Home, 204
AUSGEWÄHLTE ARTIKEL, 204
Everyday Lower PriceEveryday, 204
PriceEveryday Lower Price, 204
Social Distancing, 203
Yoga, 203
Höhle der Löwen, 202
Schritt, 202
Blick, 202
Qual der Wahl, 202
Mental Load, 201
Heft, 201
Redaktion, 201
kurze Haare, 200
Regel, 200
heizen, 200
VOGUE Collection VOGUE, 200
Webseite, 200
Pyjama, 200
Stores, 200
Norden Deutschlands Weite, 199
Roswitha, 199
Freunden und Familie, 199
trägt, 199
René Scheibenbauers Frühjahr, 199
Impressum, 198
Fashion Week London, 198
Kinder lieben Gewohnheiten, 198
gemeinsame Mittagessen, 198
Kita, 198
Corona und Social, 198
Rituale, 198
Social Distancing schmerzlich, 198
StartseiteFamilieFamilienlebenFünf Gründe, 198
Form, 197
unserem Sortiment, 197
zahlreichen neuen Styles, 197
Seite nicht finden, 197
Angst klarkommst.Zwangsstörungen gehören, 197
ModelsDesigner New YorkDesigner, 196
Hearst Publishing GmbH, 196
Burda Hearst Publishing, 196
Fashion Week New, 196
Thema Gesundheit, 196
Social Media Editor, 196
VOGUE Sweatshirt Powder, 196
VOGUE Sweatshirt Lavender, 196
VOGUE T-Shirt Ivory, 196
VOGUE Collection Designs, 196
VOGUE Sweatshirt, 196
VOGUE Sweatshirt Ivory, 196
Pixie Cut, 196
Distancing schmerzlich vermissen, 195
Kunden, 195
METAL HAMMER-Januarausgabe, 195
Stricken, 194
Metz-KleineVOGUE Businessvon Hella, 194
Workvon Alicia Metz-KleineVOGUE, 194
Businessvon Alicia Metz-KleineVOGUE, 194
Metz-KleineVOGUE Businessvon Alicia, 194
Tagesvon Miriam NehringStyling-Tipps, 194
Alicia Metz-KleineVOGUE Businessvon, 194
schickte René Scheibenbauer, 194
Kollektiv Mode entwickelt, 194
Künstlerin Anya Gorkova, 194
Emotional Dressing, 194
René Scheibenbauer kennen, 194
London lebenden Designer, 194
René Scheibenbauer, 194
Melde, 194
DSGVO, 194
passend zum Anlass, 194
bringen frischen Wind, 194
Logo-Stickereien in Weihnachtsstimmung, 194
Weihnachtsstimmung versetzenDie, 194
Weihnachtsstimmung versetzenDie glitzernden, 194
VOGUE Collection sorgen, 194
glänzende Kunstnägel, 193
bekommt METAL HAMMER, 193
Andre D. Wagner, 192
Ohrhörer, 191
Haarfarben, 191
Lebensmitteln, 190
Umwelt, 190
Hochzeit, 190
Empfehlung, 190
Damen bieten, 190
Stücke, 190
Pastinaken, 190
Pastinaken schälen, 190
Hände, 189
stricken, 189
Sexstellungen, 189
Black, 189
eingegebenen personenbezogenen Daten, 189
nexx GmbH aktivieren, 188
Strom, 188
Zutaten, 188
selber, 188
Talking Beauty, 188
Pfannkuchen, 187
Inhalt teilenSchwierigkeiteinfachPro, 187
München HRB, 187
Top, 187
Goldfarbene, 187
Kopf bis Fuß, 187
Buch, 186
Stier, 186
DIY, 186
Skincare, 186
Jahreshoroskop, 186
Einsatz, 185
NFL New England, 185
Black Friday, 185
Wochenende, 185
Klima, 184
Suppen, 184
Foundation, 184
abends, 184
Schminktipps, 184
Menge tolle, 184
Häkeln, 184
Welt der Stars, 184
Informationspflichten, 184
Skinny, 184
Pfanne ohne Fett, 184
InselCaravan deluxe, 183
griechische InselCaravan deluxe, 183
Ausgaben, 183
Bestellungen, 183
Nutzungsbedingungen, 183
Schokolade, 183
lieben Mode, 183
Ratgeber, 183
Bereichen, 183
Bex, 183
Ängste, 183
Wassermann, 182
PARSHIP, 182
Kreditkarte, 182
Beauty Beauty Tipps, 182
angesagten Look, 182
Look oder raffinierte, 182
ebenmäßigen Teint, 182
raffinierte Kosmetik, 182
Beauty Produkte, 182
Beauty Tipps, 182
tolle Strickmuster, 182
Video-Tutorials zum Nachstricken, 182
Häkelanleitungen zum Herunterladen, 182
kostenlose Strick, 182
Strickmuster als Inspiration, 182
ums Thema Stricken, 182
Menge tolle Strickmuster, 182
Stricken und Häkeln, 182
Anlass entsprechend, 182
unseren zahlreichen, 182
Finden Sie kostenlose, 182
zahlreichen Rezept-Ideen, 182
kostenlose Rezepte, 182
unseren zahlreichen Rezept-Ideen, 182
Medizin und geben, 182
wirkungsvolle Tipps, 182
aktuelle News, 182
Tipps gegen Beschwerden, 182
Gesundheit liegt, 182
Zuhause verschönern, 182
Kreativität ausleben, 182
Deko-Tipps und Bastelanleitungen, 182
Familie eine Freude, 182
liegt voll, 182
DIY liegt, 182
DIY liegt voll, 182
Look oder möchten, 182
Aktuelle Trends, 182
aktuelle Looks, 182
Mode und suchen, 182
Kultur, 182
Reiseziele, 182
ums Thema Lifestyle, 182
Lifestyle schöner, 182
Stars sowie nützliche, 182
nützliche Ratgeber, 182
Kultur und Reiseziele, 182
spannenden Einblick, 182
aktuelle Heft, 182
Aktuelles Heft, 182
Newsletter-Anmeldung fuersie.de Newsletter-Anmeldung, 182
News und Trendthemen, 182
heißesten Infos, 182
Wohnen erfahren, 182
Reisen und Wohnen, 182
schönsten Looks, 182
zeigen, 182
NFL New York, 182
Fotografinnen Lottermann, 182
herbstliches Farbupdate gekommen, 182
Karte, 181
Video, 181
Käse, 181
Style Verlag, 181
Klambt Style, 181
Style Verlag GmbH, 181
Klambt Style Verlag, 181
schönste Gefühl, 181
unsichtbare Arbeit stresst, 180
Menge Mental Load, 180
Thema Mental Load, 180
Bloggerin Patricia Cammarata, 180
Begriff Mental Load, 180
Mental, 180
Load, 180
Patricia Cammarata, 180
kurze, 180
beispielsweise, 180
Schütze, 180
Plattform, 180
Zwiebel Knoblauchzehe, 180
Akku, 180
Tipp, 180
verschenken, 180
Übersicht der Themen, 180
Verarbeitung der Daten, 180
Gefühl der Welt, 180
RStV, 180
Frankfurter Fotografinnen-Duo Nada, 180
Fotografinnen-Duo Nada Lotterman, 180
DJ-Partnerinnen Alyssa Cordes, 180
Vogue.deDie Fotografinnen, 180
herbstliches Farbupdate, 180
Farbupdate gekommen, 180
UnsVon Vogue.deDie Fotografinnen, 180
Vogue.deDie Fotografinnen Lottermann, 180
Archiv, 179
Erde, 179
Grill, 179
Reihe, 179
Knoblauchzehe Gramm, 179
Spaß beim Nachkochen, 179
Langarmshirt, 179
nachhaltig essen bedeutet, 178
Lebensmitteln umgehen, 178
Thema Abnehmen, 178
ums Thema Abnehmen, 178
Intervallfasten Folge, 178
Trennkost oder Diäten, 178
Gesundheitsmagazin, 178
Thema Gesundheit weiterhilft, 178
BMI, 178
Euer kostenloser Kreditvergleich, 178
Hersteller Bosch bietet, 178
Bosch MoveOn Mini, 178
kostenlosen Stromanbieter Vergleich, 178
Stromanbieter, 178
Steinbock, 178
Zwillinge, 178
geboren, 178
Klicke, 178
Klicke einfach, 178
Wunschkarte, 178
Haushalt Haushalt, 178
Markenhersteller beinhalten, 178
elektronische Produkte, 178
Produkte zum Einsatz, 178
klassischen deutschen, 178
deutschen Haushalten, 178
Regel viele elektronische, 178
Wohnung erleichtern, 178
Reinigen der Wohnung, 178
klassischen deutschen Haushalten, 178
Deichmann Gutschein, 178
Händlers Deichmann gerne, 178
Deichmann Gutscheine, 178
Deichmann, 178
Bernd Hellermann, 178
Carina Laudage, 178
Leitung, 178
Stv., 178
Bestellungen und Kundenservice, 178
älterer Ausgaben, 178
Mediadaten, 178
Nutzungsbedingungen gelten, 178
Betreiber behält, 178
Betreiber, 178
Werben auf BRIGITTE.de, 178
BRIGITTE Woman Digital, 178
BRIGITTE Mom Digital, 178
Eis.de, 178
Galeria, 178
Nike, 178
Sports, 178
Galaxus, 178
Frontlader, 178
Kaffeevollautomaten, 178
Latte Macchiato, 178
Kaffeevollautomat, 178
Gas, 178
Kreditkarten Vergleich, 178
Haushalt Outdoor Sport, 178
Food-Magazin, 178
abonnieren, 178
Mini-Abo, 178
Europas, 178
größtes Food-Magazin, 178
Europas größtes, 178
Europas größtes Food-Magazin, 178
einfach bestellen, 178
bisherigen books, 178
bestellen und tolle, 178
tolle Rezepte, 178
Rezepte nachkochen, 178
tolle Rezepte nachkochen, 178
Thema Skincare wissen, 178
Thema Beauty, 178
Look gefällig, 178
neuer Look gefällig, 178
Week Trends, 178
Mode tragen, 178
Accessoires oder Schuhe, 178
Fashion Week Trends, 178
Updates im Überblick, 178
Liebe wissen, 178
Lösungen für Beziehungsprobleme, 178
Thema Liebe, 178
Thema Liebe wissen, 178
Thema Dating wissen, 178
Star Hans Sigl, 178
wissen solltest Egal, 178
Interior Trends, 178
Aktuelle aus Beauty, 178
schön schnell, 178
neuesten Sex-News lesen, 178
erotische Abenteuer, 178
Thema Sex Sexstellungen, 178
med. Sarah Bechstein, 178
Glennon Doyle gesprochen, 178
geschlossenen Restaurants, 178
Jolie Magazin, 178
Einjähriges und fühlt, 178
wollender Langstrecken, 178
Lasst, 178
enden wollender Langstrecken, 178
hören und lesen, 178
zuversichtlich bleiben, 178
letzter Zeit überall, 178
Lasst uns zuversichtlich, 178
Jolie-Newsletter, 178
News zu Trend-Frisuren, 178
Jolie Newsletter Anmeldung, 178
Datenschutzerklärung Datenschutzerklärung, 178
Kürbis, 177
Generation, 177
Arbeit stresst Mental, 177
stresst Mental Load, 177
Pixie, 177
Bereich, 177
Bodenstaubsauger, 177
Partnerhoroskop, 177
C-ID Online Einwilligung, 177
Knoblauchzehe, 177
Milch Eier Prise, 177
Amazon Gutscheine, 177
LIDL Gutscheine, 177
bares Geld sparen, 177
myToys, 177
XXXLutz, 177
Heißluftfritteuse, 177
Hollywood Stars, 177
Social Media Kanälen, 177
Musikstars und Filmstars, 177
Sextoys, 177
Versenden unserer Newsletter, 177
Sorgfalt und Respekt, 177
Rabatt-Codes und Gewinnspielen.OK, 177
Mailchimp, 177
StartseiteErnährungNachhaltig genießen, 176
StartseiteErnährungAbnehmen, 176
StartseiteErnährungAbnehmen Gesund, 176
StartseiteErnährungAbnehmen Gesund abnehmen, 176
wenigen Schritten Fischgrätenzopf, 176
Mass Index Rechner, 176
BMI berechnen, 176
Körpergewicht, 176
optimale BMI, 176
eventuell Adipositas, 176
Körpergröße, 176
BMI-Rechner, 176
Kredit beantragen Kredite, 176
Billig Kredit beispielsweise, 176
Online Kredit, 176
Zinsen, 176
Kredite, 176
Online Kredit Vergleich, 176
Kredit Vergleich, 176
Kredit, 176
Staubsauger anderer Hersteller, 176
Beutel, 176
Vergleichs, 176
Verbraucherportal, 176
Strom Vergleich sicher, 176
Stromanbieter Vergleichs besteht, 176
Stromanbieter Vergleichs dennoch, 176
Stromanbieter Vergleich fast, 176
Grünen Strom, 176
Strom Vergleich, 176
Stromanbieter Vergleich, 176
Plaid Leichte Maschen, 176
Star-Astrologin Roswitha Broszath, 176
Aszendent berechnen, 176
persönlichste Punkt, 176
Schnittpunkt, 176
östlichen Horizont aufgeht, 176
Moment der Geburt, 176
genaue Schnittpunkt, 176
Schnittpunkt von Geburtstag, 176
Überraschungen bereithält, 176
Stier oder Zwillinge, 176
Tageshoroskop Tageshoroskop Tageshoroskop, 176
Tageskarte findest, 176
Tarot-Tageskarte, 176
Tageskarte, 176
Elemente, 176
Shop-Übersicht Folgende Gutscheine, 176
Deichmann Rabattcode, 176
Deichmann Coupons, 176
Deichmann Rabatt, 176
Deichmann Gutscheincode, 176
Horst von Buttlar, 176
GmbHAm Baumwall, 176
Medien GmbHAm Baumwall, 176
Bestellungen älterer, 176
Themen Website, 176
Website sowie Feedback, 176
Online-KundenserviceAnzeigen und Mediadaten, 176
Bestellungen älterer Ausgaben, 176
Betreiber haftet, 176
Registrierung, 176
Betreibers, 176
Nutzers, 176
BRIGITTE MOM Heft, 176
Anzeigenschaltungen, 176
Anzeigenschaltungen im BRIGITTE, 176
Preisliste, 176
gleichfarbigen Bubbles, 176
Bubbles zusammenzubringen, 176
Bubble klicken, 176
gleichfarbige Bubbles zusammenzubringen, 176
unteren Spielfeldrand, 176
unteren Bubble, 176
Bri Bubble, 176
Bubbles verschwinden, 176
Bubble, 176
Inhalt teilenSchwierigkeitmittelschwerPro, 176
Inhalt teilenSchwierigkeitmittelschwerPro PortionBolognese, 176
Knoblauchzehe Karotten, 176
Karotten Stange, 176
perfekt Herzhafte Bolognese, 176
Knoblauchzehe Karotten Stange, 176
Topf Chili con, 176
Sahne Chili con, 176
Knoblauchzehe rote Chili, 176
con, 176
Carne, 176
con Carne, 176
Chili con, 176
Eier Prise, 176
Zwiebel Knoblauchzehe Gramm, 176
Wäsche pro, 176
Vergleich Waschmaschine Vergleich, 176
pro Waschgang, 176
Maschine pro Waschgang, 176
eure Wäsche, 176
Wäsche pro Waschgang, 176
Macchiato, 176
Vergleich Kaffeevollautomat Vergleich, 176
Latte Macchiato Glas, 176
Latte, 176
Kaffeevollautomat Test, 176
elektrische Zahnbürste, 176
Euer kostenloser Gaspreisvergleich, 176
Preisvergleich, 176
Gas Vergleich sogar, 176
Gasanbieter, 176
Gaspreise zu vergleichen, 176
Gaspreise, 176
Gaspreis Vergleich, 176
Gaspreis Vergleich versus, 176
Gas Preisvergleich, 176
Kreditkarten Vergleich Kreditkarten, 176
Ausland Bargeld, 176
Kreditkarte beantragen, 176
Ausland, 176
Kreditkarten Vergleich Ausschau, 176
unserem Kreditkarten Vergleich, 176
kostenloser Kreditkarten Vergleich, 176
Euro Rendite, 176
Fernsehabend steht, 176
Gemüsechips, 176
gemütlicher Fernsehabend, 176
farbenfrohen Inhalt, 176
besonderen Aussehen, 176
sogar Discountern, 176
anstatt ungesunden Kartoffelchips, 176
schlechtes Gewissen., 176
Feinkostläden und sogar, 176
gemütlicher Fernsehabend steht, 176
unten leckere, 176
genügend Inspiration, 176
Backen bekommst, 176
Rezepte gesammelt, 176
unten leckere Rezepte, 176
Inspiration zum Kochen, 176
leckere Rezepte gesammelt, 176
Artikelübersicht, 176
Beauty Thema, 176
erhobenen personenbezogenen Daten, 176
Sweatshirts, 176
erhalten wir ggf, 176
Sephora, 176
Umdrehungen pro Minute, 175
Winter Essentials, 175
Mäntel Sortimenten, 175
aktuellen METAL HAMMER-Januarausgabe, 175
Liam HessVon Emma, 174
Eva Blanco MedinaVon, 174
Menge, 174
Salzwasser bissfest, 174
METAL HAMMER Dezemberausgabe, 174
feine Haare, 173
Toilette, 173
Maria HunstigVOGUE Businessvon, 173
Intimität, 173
Finn, 173
Ronsdorf, 173
Hella SchneiderUm, 173
Musiker Finn Ronsdorf, 173
Finn Ronsdorf kennen, 173
Finn Ronsdorf, 173
Artikel enthält, 173
kurze Haare Kurzhaarfrisuren, 172
Training, 172
Mäntel für Herren, 172
Tolle, 170
streng geometrische Ponypartie, 170
Günter Maschke, 170
Project Manager Digital, 170
COSMOPOLITAN, 170
Haushalt, 170
Lifestyle, 169
Datenschutzhinweise I. Name, 169
Fall, 168
Gaby Höger, 168
Backpulver mischen, 168
Elise TaylorVon Liam, 168
New YorkDesigner ParisDesigner, 168
Eau, 168
Zitroniges Hühnersüppchen Omelett, 168
NFL New, 168
aktuellen METAL, 168
Diät, 167
Samt, 167
glänzendes Kunstnägel-Set, 167
Herzogin Kate, 166
Geschirr, 166
schälen, 166
Vanillinzucker und Zitronensaft, 166
Pooh Cares, 166
Damen-Sneakern von Superdry, 166
frischen Wind, 166
Absicht, 165
Newsletter Rezepte, 165
Emma SpecterVon Eva, 165
Händen, 165
fester Bestandteil, 165
Elder Scrolls Online, 165
Modetrend im Winter, 164
Weihnachten Neu eingetroffen, 164
Herrenkollektion Bleiben, 164
Sporthosen für Damen, 164
Damenkollektion Bleiben, 164
Axel Springer Mediahouse, 164
Springer Mediahouse Berlin, 164
Sternzeichen laut Horoskop, 163
Shorts, 163
Kendall Jenner, 163
Frühjahr, 162
Wochenhoroskop, 162
Nudeln, 162
großartigen Vorteile, 162
Reinigung, 161
Schuhe, 161
Heilmittel Schmerzen, 161
Falten, 160
Getränk, 160
QUARTER MEDIA GmbH, 160
Sonnenbrille, 160
Beckenbodentraining, 160
nächstes Personal Best, 160
kreieren hochwertige Damen-Sportbekleidung, 160
klein würfeln, 160
Deinen nächsten Einkauf., 160
Rabatt, 159
Chefredakteurin Gaby, 159
Beatrice GrafVon, 159
and, 159
schönsten Looks Frisuren, 158
Arzt verrät Einkaufsregeln, 158
AGB Allgemeines Gewinnspiele, 158
Jörg Götte, 158
Küchenchef Jörg Götte, 158
ABONNEMENT Gestorbene Helden, 158
Quaste am Deckel, 158
Familie und Gesundheit, 157
Styling, 157
Hearst Publishing, 156
SpecterVon Eva Blanco, 156
NjoyaVon Alexandra Bondi, 156
Berlin unterrepräsentierte Stimmen, 156
Überrascht Familie, 156
klimafreundlich Weihnachtsplätzchen, 156
Hauptsaison für Pfifferlinge, 155
Geschenke, 155
Babys Neu, 155
Paris Fashion Week, 154
Beauty Spiele Gesellschaft, 154
Backpapier belegtes Blech, 154
Pyjamaset, 154
Gefühl für Style, 154
gewebte Masken, 154
nötig in kleinere, 154
bissfest garen, 154
kleinere Stücke, 154
Stücke brechen, 154
kleinere Stücke brechen, 154
Salzwasser bissfest garen, 154
Dinge im Haushalt, 154
aktuelle Ausgabe, 154
Wind in deinen, 154
Periode, 153
UnsVon Alice, 153
Toilette Pour Homme, 153
Glas, 153
richtigen Adresse, 153
Kosmetika einschließlich Make-up, 153
khakifarbene gewebte Masken, 153
Leaping Bunny Zertifizierung, 153
Plätzchen, 153
langen Herrenmänteln Premium-Wärme, 153
ultimativen Komfort konzipiert, 153
Damenmäntel von Superdry, 153
Name, 152
Pickel, 152
Lauchzwiebeln waschen, 152
Wasser einweichen, 152
warmem Wasser einweichen, 152
Wasser vermischen, 152
Butter bestreichen, 152
verbundenen Goodies finden, 152
YorkDesigner ParisDesigner MailandModels, 152
NFL Las Vegas, 152
tollen Auswahl, 152
Stil finden, 152
Herrenhosen ein Update, 152
Superdry Ski, 152
Kollektion an Herrenoberteilen, 152
Sweatshirts eindecken möchtest, 152
Damen-Styles der Saison, 152
DAMEN LEGGINGS Bleiben, 152
Snowboardbekleidung für Damen, 152
breiten Auswahl, 152
unseren Damenhosen gibst, 152
Accessoires fehlen, 152
Temperaturen Spaß, 152
kältesten Temperaturen Spaß, 152
Shoppe Superdrys Auswahl, 152
Damensocken von Superdry, 152
Wasserflasche zur Hand, 152
Paar Damenschuhen, 152
Damenschuhen von Superdry, 152
Kollektion an Damen-Sneakern, 152
Sneaker für Damen, 152
Superdry Edition, 152
Superdry Standorte, 152
Verbindung Ihre Privatsphäre, 152
Journalistin Thị, 152
DADDY, 152
DADDY Magazine, 152
Journalistin Kemi Fatoba, 152
Kemi Fatoba steckt, 152
Minh Huyền Nguyễn, 152
Thị Minh Huyền, 152
Journalistin Thị Minh, 152
Trainings, 152
braucht, 151
Wunder, 151
Blumenmuster, 151
Herren Unterwäsche Bleiben, 151
Damen Unterwäsche Bleiben, 151
Spinat, 150
Modelabel Horror Vacui, 150
VOGUE Collection Sweatshirts, 150
Anna Heinrichs, 150
Horror Vacui, 150
Schlüsselanhänger, 150
Hose, 150
Strahlen, 150
lieben, 150
Herren-Poloshirts Bleiben, 150
Herrenjeans Bleiben, 150
Herrenhemden Bleiben, 150
Herrenhosen Bleiben, 150
Sporthosen für Herren, 150
Herrenpullover Bleiben, 150
Kollektion für Herren, 150
Badeshorts für Herren, 150
Herren-Accessoires Bleiben, 150
Herrentaschen Bleiben, 150
Herrenhüte Bleiben, 150
Herrenhandschuhe Bleiben, 150
Herrenschals Bleiben, 150
Herren-Socken Bleiben, 150
Herrengürtel Bleiben, 150
unverzichtbare Accessoire, 150
Herren Brieftaschen Bleiben, 150
Herrenschuhe Bleiben, 150
Herrenstiefel Bleiben, 150
Herren Flip-Flops Bleiben, 150
Herren Badesandalen Bleiben, 150
Herren Sportschuhe Bleiben, 150
Sneaker für Herren, 150
Code für Herren, 150
Superdry X Bleiben, 150
Herrenmäntel Bleiben, 150
Styles für Damen, 150
Kleider Bleiben, 150
Damenjeans Bleiben, 150
Jumpsuits für Damen, 150
Snowboardkollektion für Damen, 150
Röcke Bleiben, 150
Damenhosen Bleiben, 150
Damen Accessoires Bleiben, 150
Damen Rucksäcke Bleiben, 150
Damenhüte Bleiben, 150
Fäustlinge für Damen, 150
Wetter, 150
Damen-Socken Bleiben, 150
Wasserflaschen für Damen, 150
Damenschuhe Bleiben, 150
Damenstiefel Bleiben, 150
Damen Flip-Flops Bleiben, 150
Damen Badesandalen Bleiben, 150
Damen Sportschuhe Bleiben, 150
Code für Damen, 150
Damenmäntel Bleiben, 150
you, 150
the products and, 150
that you and, 150
and Conditions and, 150
and your shopping, 150
products and services, 150
you and, 150
you and your, 150
21-23, 150
Arzt, 149
Kilogramm, 149
Social Media Links, 149
Stilberatung, 149
Weg, 149
Dazzle Holographic Glitter, 149
Angle Negative Space, 149
Rosa-weiße gewebte Masken, 149
Konsumentscheidungen treffen, 149
Stier Zwillinge Krebs, 149
Decke, 148
Long Bob, 148
Fleisch, 148
dicke Schicht Käse, 148
Schicht Käse, 148
Shop Hier bekommst, 148
Xcel Media, 148
einfache Raumumgestaltung Grauer, 148
hohem Baumwollanteil Marineblaue, 148
Schlaferlebnis Kuscheliges Kissen, 148
Stil Silberfarbener Glasrahmen, 148
Baumwollanteil Marineblaue Kissenbezüge, 148
Raumumgestaltung Grauer Papierseilkorb, 148
Tog Superweiche Bettdecke, 148
Elder Scrolls, 148
Ofen nehmen, 148
Spaß, 147
Kombination, 147
fällt, 147
Tea, 147
Auftreten, 147
Charakter, 147
Verschenken an Weihnachten, 147
Wimpern, 147
Bestenlisten findet, 147
Sämtliche Bestenlisten, 147
Sämtliche Bestenlisten findet, 147
Starte rechtzeitig, 146
Weizengebäck, 146
folgenden gesünderen Snacks, 146
gesünderen Snacks solltest, 146
Fertigkekse, 146
zuckerreiches Weizengebäck, 146
Schokolade oder zuckerreiches, 146
Süßes zu stillen, 146
Appetit auf Süßes, 146
Alterungsprozessen entgegen.Unser Tipp, 146
entgegen.Unser Tipp Kaufen, 146
Speisekarte, 146
Café, 146
Verdauungsbeschwerden.Unsere Tipps Löwenzahn, 146
Tipps Löwenzahn schmeckt, 146
unserem Speiseplan fast, 146
Kurkuma-Latte hinuterspülen, 146
Chia-Müsli oder Acai-Bowl, 146
Cheese, 146
Bubble Tea, 146
WAAAS, 146
One Pot Pasta, 146
Urlaubs-Adressen der Stadt, 146
Reise wertSantorini, 146
Primark Cares Jeans, 146
VergleichsportalHaushaltsprodukteProduktvergleichOTTO GutscheineeBay Gutscheinebaur, 146
Angebote, 146
Straight Leg Jeans, 146
The Elder, 146
Open Air, 146
Kette Neu eingetroffen, 146
teilenSchwierigkeiteinfachPro Portion, 145
Inhalt teilenSchwierigkeiteinfachPro Portion, 145
Gemüse, 145
Halskette, 145
NBA Chicago Bulls, 145
Strickneuheiten, 145
MINDESTENS, 145
Kontakt Kontakt Bitte, 144
Pony, 144
HoroskopeHoroskopeHoroskopeHoroskopeHoroskopeHoroskopeHoroskopeHoroskopeHoroskopeHoroskopeHoroskopeHoroskopeZukunft erfahrenvon VogueAstrologievon, 144
Winnie The, 144
Winter-Basics für Herren, 144
Rundhalspullover, 144
Sportbekleidungskollektion für Herren, 144
Herren von Superdry, 144
Hella SchneiderVon Alexandra, 144
Paris Frühjahr, 143
Namen, 143
schnell, 143
manchmal das Gefühl, 143
HAMMER, 143
Fruchtfleisch, 142
feine Streifen, 142
erklärt Emily Kiberd, 142
Handy Steifer Nacken, 142
Tech Neck, 142
Maximum Metal, 142
Februar, 142
Bananen, 141
Adventskalender, 141
Toilette Pour, 141
Produkten, 141
Haustiere Neu eingetroffen, 141
Wolf, 141
Glückspilze der Woche, 140
Song trägt Balbina, 140
deutschen Kulturbetrieb eher, 140
Pour Homme, 140
Outlet Jacken Bleiben, 140
Outlet T-Shirts Bleiben, 140
Outlet Sport Bleiben, 140
Pastinaken zugeben, 140
Kartoffel und Pastinaken, 140
Modemarken, 140
Week Paris, 139
York, 139
Mutter, 139
Creolen, 139
Goldfarbene Halskette, 139
Küche, 139
Pünktchenmuster Neu eingetroffen, 139
Jacke, 139
Nutzung, 138
Ideen, 138
Vacui Sweatshirt, 138
Print Neu eingetroffen, 138
Penn, 138
Spiele BriBubble Schießt, 138
Lisa LudwigVon Hope, 138
Kunstleder, 138
Datenschutz, 137
mitmachen, 137
Horror, 137
Métiers d'Art Kollektion, 137
Mengen, 136
Eigenschaften, 136
Kalorien, 136
Weihnachtszeit, 136
Pyjamas, 136
LETZTE, 136
CHANCE, 136
Lea EgererVon Lea, 136
Facebook-Europachefin Angelika Gifford, 136
Alternative zur Psychotherapie, 136
Bestimmte Übungen, 136
StartseiteWohlbefindenFitnessÄngste überwinden, 136
Angstlöser, 136
bestimmte Ängste überwinden, 136
Yoga Bestimmte Übungen, 136
Angststörungen, 136
Ängste überwinden, 136
Couture Frühjahr, 135
passiert im Körper, 135
Körper Laktose, 135
Fruktose, 135
Laktose, 135
Broszath, 135
HOCHvon Alexandra KruseAstrologievon, 135
Senior Beauty Editor, 135
Horoskop Laut Horoskop, 135
Prise, 134
tragen, 134
Accessoire, 134
Geschenkesaison nachhaltige Optionen, 134
Wichtelgeschenke für Damen, 134
Weihnachtszeit nachhaltige Optionen, 134
Entdecke, 134
reinigen, 134
Prinz Harry, 133
Great Outdoors Kapuzenpullover, 133
Heavy Metal, 133
Chanel Métiers, 133
Chanel Métiers d'Art, 133
Sarah Jessica Parker, 133
nächsten Einkauf., 133
leckeres Essen, 133
Milchzucker, 132
Lea EgererVon Fatima, 132
Bernd SkupinVon Kemi, 132
Alber Elbaz, 132
feine Ringe, 132
Stunden Garzeit Blumenkohl, 132
Piment, 132
Nelken und Piment, 132
Wasser auffüllen, 132
Rote Bete Suppe, 132
Modetrend im Herbst, 131
Giorgio Armani, 131
Coronavirus, 131
Staub, 131
Zeiten, 131
Kürbis bitter schmeckt, 131
Songs, 131
Like That, 131
Prinz, 131
unreine Haut, 130
eigentlich, 130
Nina Gscheider, 130
Versicherungsbranche zu arbeiten, 130
Nina Gscheider Versicherungen, 130
Segurio, 130
Flop, 130
gemäß Art, 130
Problem, 130
Gescha, 130
hierzulande das Gescha, 130
Angelika Gifford, 130
UnsVon Nina, 130
Nina PiatscheckAngelika, 130
Nina PiatscheckAngelika Gifford, 130
UnsVon Nina PiatscheckAngelika, 130
Jackentrends der Saison, 130
Harry, 130
Zugriff auf ausgewählte, 130
griechische InselCaravan, 129
Editvon Miriam, 129
Beatrice, 129
stehen, 129
Beatrice GrafVon Beatrice, 129
Kirsten Hanser, 129
Doris, 129
Doris Wolf, 129
Essen helfen, 129
leckeres Essen helfen, 129
Beeren Cremige Kartoffelsuppe, 129
deinen Zugriff, 129
Wirkung, 128
Mango, 128
EgererMit Segurio, 128
Lea EgererMit, 128
Lea EgererMit Segurio, 128
UnsVon Lea EgererMit, 128
Gesicht, 128
Pyjamaset Neu eingetroffen, 128
Jogginghose Neu eingetroffen, 128
Beanie, 128
Death Metal, 128
Fitnessstudio, 128
gebürtige Grazerin Fotografie, 128
lebende Fotografin, 128
diversen Festivals, 128
Festivals ausgezeichnet, 128
Fotografin Anaïs, 128
Anaïs Horn, 128
Paris lebende Fotografin, 128
diversen Festivals ausgezeichnet, 128
lebende Fotografin Anaïs, 128
Superdry sorgt, 128
Sportbekleidung für Damen, 128
Superdry wurde entwickelt, 128
Low Carb, 127
Fashion Week Berlin, 127
Bund, 127
Mund, 127
The Pooh, 127
Reißverschluss Neu eingetroffen, 127
Ruhe, 126
Inhalt teilenSchwierigkeiteinfachPro PortionFür, 126
Mehl mit Backpulver, 126
kalte Jahreszeit, 126
nexx GmbH, 126
Zuhause, 126
Haus, 126
Kollektion von Superdy, 126
Superdy Jacken, 126
Angebote und Neuigkeiten, 126
FROHES, 126
Secure Online Shopping, 126
Fehler, 125
Faux Fur Slides, 125
Vergoldete Halskette, 125
Webseite eintreffen, 125
Businessvon Maria HunstigVOGUE, 125
Raum, 124
Tageshoroskop Newsletter Horoskop, 124
Natur, 124
Äpfel, 124
Platz, 124
Wundergewürz, 124
Goldfarbene Creolen, 124
Stiefel Featured Kleidung, 124
Ziffer, 124
Einwilligung, 124
Daten gem, 124
Feast Open Air, 124
Death Feast Open, 124
Mediahouse Berlin GmbH, 124
Hefe, 124
Strunk entfernen, 124
erfahrenvon VogueAstrologievon Kirsten, 123
Kabellose, 123
Schlaf, 123
PEINLICH, 123
erhalte tolle Angebote, 123
Trends von ONLY, 123
Webseite online stellen.Melde, 123
HIMMEL HOCHvon, 123
Glas Neu eingetroffen, 123
Long Distance Calling, 123
York Fashion Week, 122
Mikrowelle, 122
Geschichten, 122
Monatshoroskop, 122
Reißverschluss für Babys, 122
Style, 122
Meghan Markle, 122
Zähne, 121
Sonne, 121
Gürtel, 121
glaube, 121
Primark Red, 121
SEPHORA, 121
Viren und Bakterien, 120
Pizza, 120
Sport hilft, 120
Penn Sport, 120
Strickjacken für Damen, 120
Viktoria VokrriVon, 120
Buttercreme, 120
ausgelegte Form, 120
Backpapier ausgelegte, 120
Min. backen, 120
Springform, 120
Angebote im Sale, 120
Fotos und Videos, 119
Zubereitung, 119
UnsVon Miriam, 119
schönsten Modelle, 119
Great Outdoors, 119
Geschenkideen, 119
Vermittlung, 119
Sichere dir deinen, 119
Mascara, 118
Zierkette Neu eingetroffen, 118
Lieblingscharaktere zur Schau, 118
Herbst und Winter, 118
Holz Neu eingetroffen, 118
MenüFoto, 117
New York Fashion, 117
Fashion Week Frühjahr, 117
Minuten BackzeitPro Portion, 117
leckere Herbstrezepte Tagliatelle, 117
Pandemie Desinfektionsmittel einfach, 117
BSS Deutsche, 117
Deutsche Pflegeallianz GmbH, 117
Bakterien in Schach, 117
Themengebiet der Pflege, 117
Pflege als Ratgeber, 117
Ratgeber zur Seite, 117
Hilfestellung für Betroffene, 117
BSS Deutsche Pflegeallianz, 117
findet, 117
Mützen, 117
Darya Alizadeh, 117
Darya Alizadeh Polizistin, 117
Hella Schneidervon Maria, 117
Bad, 117
Week, 116
Entspannungsinseln im Alltag, 116
passt, 116
Traum, 116
Maske, 116
Primark Cares Skinny, 116
Kartenetui aus Silikon, 116
Liebsten, 116
Planetary Health Diet, 116
Vera van Erp, 116
Themen auf ELLEPflege, 115
Fake News, 115
kälteren Monaten, 115
schönes Geschenk, 115
leckere Herbstrezepte, 114
Herbstrezepte Herbstzeit, 114
leckere Herbstrezepte Herbstzeit, 114
Herbstzeit ist Erntezeit, 114
Händehygiene im Abo, 114
beste Rezept, 114
Fans, 114
grobe Stücke, 114
grobe Stücke schneiden, 114
Nagellacke, 114
Spiel, 114
unseren Körper, 114
Jumpsuits, 114
Emily in Paris, 114
Orgasmus, 114
Eisbaden, 114
Weihnachtsgeschenk, 114
Heidi Klum, 113
Hautpflege, 113
Mütze, 113
Ananas, 113
Milch, 113
neuesten Trends, 113
Urlaub, 113
Status Quo nachhaltigen, 113
Alizadeh, 113
Lippenpeeling, 113
Baby, 112
Eiern verkneten, 112
Zahn Laut Horoskop, 112
Lippen, 112
Stress ansteckend, 112
Tragegriff Neu eingetroffen, 112
Hausschuhe, 112
perfekte Start, 112
Knethaken des Handrührgeräts, 112
Disney Prinzessin, 112
Bodenstaubsauger Bosch MoveOn, 112
Kekse, 112
Concealer, 111
Tisch, 111
Limette, 111
Let, 111
York City, 111
Love, 111
Bad Hair Days, 111
Designs, 111
Leistung, 111
Anlass, 111
UnsDie neuesten, 111
Mailand Frühjahr, 110
Lebens, 110
Prinz William, 110
GmbH aktivieren, 110
Kollektion von Superdry, 110
Festival METAL HAMMER, 110
Axel Springer, 110
Springer Mediahouse, 110
Mediahouse Berlin, 110
Arm, 110
Miriam NehringVon, 110
Ashley Graham, 109
Fischer, 109
eure Haare, 109
Monat, 109
Stiefel, 109
langen Herrenmänteln, 109
Herrenmänteln Premium-Wärme, 109
Premium-Wärme und Style, 109
Füge deiner Kollektion, 109
Bestandteil jeder Kaltwetter-Garderobe, 109
ultimativen Komfort, 109
Komfort konzipiert, 109
Fitnessstudio trainierst, 109
langen Damenmäntel, 109
Superdry zeigen, 109
Psychologie, 108
Erfahrung, 108
Wolfe Herd kennt, 108
Whitney Wolfe, 108
Frau Wolfe Herd, 108
Wolfe Herd, 108
Neu eingetroffenPrimark Cares, 108
nächste Saison, 108
Saison mit unseren, 108
unseren neuen Styles, 108
Gib deiner Garderobe, 108
Saison mit Superdrys, 108
Superdrys Reihe, 108
Reihe an Herrenhosen, 108
Herrenoberteilen, 108
Erfrische deine Garderobe, 108
wiederverwendbaren Wasserflaschen, 108
Herren bietet, 108
täglich brauchst, 108
eindecken möchtest, 108
passendes Trainingsanzug-Set suchst, 108
Sweatshirts eindecken, 108
Superdry ist sowohl, 108
Kollektion an Ski, 108
Auswahl an stylischen, 108
stylischen Damenoberteilen, 108
Entdecke Chinos, 108
unseren Damenhosen, 108
Damenhosen gibst, 108
Winter ein Update, 108
Kollektion von Accessoires, 108
Auswahl an Mützen, 108
Mützen für Damen, 108
Auswahl an Handschuhen, 108
Shoppe Superdrys, 108
Fäustlingen für Damen, 108
kaltes Wetter, 108
Kollektion an Damensocken, 108
Superdry bringt, 108
ultimativen Essentials, 108
Vervollständige deine Winteroutfits, 108
Stiefelette, 108
vielseitige Designs, 108
Superdry bietet, 108
veganen Sneaker, 108
Superdry fühlst, 108
gelungene Kombination, 108
wirf einen Blick, 108
Almzeit Obazda Original, 108
Aenne Burda, 108
Almzeit Obazda, 108
Businessvon Hella Schneidervon, 108
Angebot gilt, 108
UnsVon Cordula, 108
Portugals so beliebt, 107
kannTrend-Reiseziel Comporta, 107
Gegend Portugals, 107
Wieso diese Gegend, 107
mieten kannTrend-Reiseziel Comporta, 107
Freunden, 107
Wolfe, 107
Herd, 107
Eau de Parfum, 107
Ströer Digital Media, 107
PERSONA NON GRATA, 107
bringt, 107
Hailey Bieber, 106
Ohren, 106
Fassungsvermögen, 106
hacken, 106
VersandGlobal icon Neymar, 106
zusammengestellten Auswahl, 106
Superdry inspirieren, 106
fachmännisch zusammengestellten Auswahl, 106
Auswahl an Geschenkideen, 106
stressfreie Weihnachtszeit, 106
Damentaschen von Superdry, 106
langen, 106
Haus schaffenOpulent, 106
nachhaltigen Haus schaffenOpulent, 106
laut HoroskopLaut Horoskop, 106
Outlet Strickwaren Bleiben, 106
SALE FÜR HERREN, 106
SALE FÜR DAMEN, 106
Schüssel, 106
The North Face, 106
Angela Merkel, 105
Silikon, 105
Zeichen, 105
AntoniVon Alexandra, 105
Teilnehmerinnen und Teilnehmer, 105
Hipster, 105
Produkten angesehen, 105
HOCHvon Alexandra, 105
Prozent der Befragten, 105
Handy, 105
Nachhaltig genießen Lebensmittelvorräte, 104
Bluthochdruck, 104
Material, 104
Eintöpfe, 104
Zwiebel und Knoblauch, 104
Blasenentzündung, 104
angesagtesten, 104
Händen mind, 104
Mehl mit Salz, 104
bemehlter Fläche, 104
Mind, 104
Stunden vorm Servieren, 104
Mytheresa.comHier kaufen, 104
Rücken Schultern, 104
Rücken legen, 104
Hanteltraining, 104
Trainiert Rücken Schultern, 104
unbedingt ins Fitnessstudio, 104
Rudern Drücken Seitheben, 104
Samt Einfache Dekoideen, 104
Gefrierbeutel, 104
Gefrierbeutel geben, 104
zuhalten und Kekse, 104
grob zerstoßen, 104
mithilfe eines Nudelholzes, 104
Nudelholzes grob, 104
Kekse mithilfe, 104
Nudelholzes grob zerstoßen, 104
Curtain Bangs, 104
Butter und Eiern, 104
eckige Backform, 104
Form fetten, 104
rauer Weihnachten, 104
Blazer, 103
Gerichte, 103
Zahnbürste, 103
Besonderes, 103
Ursachen, 103
Werbung, 103
Schwarze Jogginghose, 103
möchtest wissen, 103
Tamera, 103
Quarantine Edition, 103
Metal-Videos der Woche, 103
Mediahouse, 103
Favoriten in Weiß, 103
Silvester, 103
StartseiteErnährungNachhaltig, 102
umgehen, 102
Wind, 102
Menge neuer, 102
Müller, 102
Thema Nachhaltigkeit, 102
Hella SchneiderVon Bernd, 102
Spiele, 102
Händen und Fingern, 102
Strand, 102
Micky Maus Nostalgia, 102
Schwarz, 102
warmem Wetter, 102
Möbel lohnt, 102
Blockfarben, 102
strahlenden Teint, 102
METAL HAMMER Januarausgabe, 102
RABATT AUF SWEATSHIRTS, 102
JJXX FÜR MÄDCHEN, 102
SHOPPE JJXX, 102
AUSGEWÄHLTE JEANS, 102
RABATT AUF AUSGEWÄHLTE, 102
KollektionHaute Couture Frühjahr, 101
Gabbana Alta Moda, 101
Tod, 101
August, 101
Pandemie, 101
Nachhaltige Mode, 101
Bauer Media Group, 101
Strasssteinen, 101
Lippenpeeling mit Beerengeschmack, 101
Empfehlungen, 101
Anforderungen geradezu spielend, 101
United States, 100
Body PositivityBuch-Tipp, 100
Lockdown schön, 100
Sammlung zum Thema, 100
Thema Body, 100
Anna Brüggemann, 100
Brüggemann über Beziehungen, 100
Liebesfilme auf Netflix, 100
Kristin Hannah Kirsten, 100
Singulart versteigert Sammlung, 100
Thema Body PositivityBuch-Tipp, 100
CoutureHaute CoutureHaute Couture, 100
CoutureHaute CoutureHaute CoutureHaute, 100
dran am Hype, 100
Zimmer, 100
Kinderzimmer, 100
Geschäften, 100
Test, 100
Minuten Kochzeit, 100
Schale abziehen, 100
Minuten köcheln, 100
Fleisch abbrausen, 100
Stück Schale, 100
Stück Schale abziehen, 100
Lea EgererVon Hella, 100
Leyna Bloom, 100
Nast Germany, 100
Getty, 100
Sachen Mode, 100
Schal, 100
handverlesene Kollektion, 100
Kollektion an Winter-Basics, 100
Herren enthält, 100
Auswahl an Winter-Basics, 100
Winter-Basics für Damen, 100
Biskuit Nüsse, 100
Brigitte Academy, 100
International Wedding Photographer, 100
SALE, 100