Id,Label,timeset,frequency,modularity_class
Kohlenhydrate,Kohlenhydrate,,1160,7
kcal,kcal,,800,7
Zubereitungszeit,Zubereitungszeit,,721,7
abnehmen,abnehmen,,569,22
Chili con Carne,Chili con Carne,,366,15
Essen,Essen,,322,7
Kaffee,Kaffee,,311,65
Konzepte im Überblick,Konzepte im Überblick,,265,7
Abnehmen,Abnehmen,,242,74
Stunde,Stunde,,231,7
selber,selber,,188,7
Kürbis,Kürbis,,177,0
Diät,Diät,,167,74
Geschenke,Geschenke,,155,7
Wunder,Wunder,,151,21
Fruchtfleisch,Fruchtfleisch,,142,48
Küche,Küche,,139,52
leckeres Essen,leckeres Essen,,133,7
Essen helfen,Essen helfen,,129,7
leckeres Essen helfen,leckeres Essen helfen,,129,7
Beeren Cremige Kartoffelsuppe,Beeren Cremige Kartoffelsuppe,,129,7
MenüFoto,MenüFoto,,117,67
Minuten BackzeitPro Portion,Minuten BackzeitPro Portion,,117,7
leckere Herbstrezepte Tagliatelle,leckere Herbstrezepte Tagliatelle,,117,7
leckere Herbstrezepte,leckere Herbstrezepte,,114,7
Herbstrezepte Herbstzeit,Herbstrezepte Herbstzeit,,114,7
leckere Herbstrezepte Herbstzeit,leckere Herbstrezepte Herbstzeit,,114,7
Herbstzeit ist Erntezeit,Herbstzeit ist Erntezeit,,114,7
beste Rezept,beste Rezept,,114,15
Haut,Haut,,1109,1
Herbst,Herbst,,832,8
ausgewogene Ernährung,ausgewogene Ernährung,,746,11
Sephora Unlimited Beauty,Sephora Unlimited Beauty,,591,75
Produktempfehlungen im Überblick,Produktempfehlungen im Überblick,,570,1
Stress,Stress,,554,14
Tipps und Tricks,Tipps und Tricks,,552,24
Sephora UNLIMITED Mitglied,Sephora UNLIMITED Mitglied,,526,75
Anbieter,Anbieter,,497,4
Ingwer,Ingwer,,478,49
Sephora Unlimited,Sephora Unlimited,,470,75
Gerät,Gerät,,469,52
Cookies,Cookies,,456,75
Prozent,Prozent,,450,9
November,November,,442,4
Produkte,Produkte,,420,21
Schwangerschaft,Schwangerschaft,,396,20
Sephora App,Sephora App,,395,75
Rücken,Rücken,,386,17
Instagram aktivieren,Instagram aktivieren,,385,4
Alter,Alter,,331,22
Hormone,Hormone,,312,74
Instagram,Instagram,,303,1
Hand,Hand,,298,73
Wochen,Wochen,,293,57
Website,Website,,289,75
Hausmittel,Hausmittel,,288,52
Nährstoffen,Nährstoffen,,286,77
Tricks,Tricks,,274,74
Teint,Teint,,271,75
neuesten Stand,neuesten Stand,,259,5
Produkt,Produkt,,234,1
Augen,Augen,,230,1
Gründe,Gründe,,218,98
erfährst,erfährst,,212,10
kalten Jahreszeit,kalten Jahreszeit,,208,78
Make-up,Make-up,,207,36
Nachhaltigkeit,Nachhaltigkeit,,206,1
Guido Maria Kretschmer,Guido Maria Kretschmer,,205,8
Blick,Blick,,202,56
Empfehlung,Empfehlung,,190,1
Hände,Hände,,189,3
Skincare,Skincare,,186,21
Foundation,Foundation,,184,1
Tipp,Tipp,,180,48
Sephora,Sephora,,176,75
Menge,Menge,,174,56
Händen,Händen,,165,57
Falten,Falten,,160,10
Rabatt,Rabatt,,159,89
Periode,Periode,,153,1
Pickel,Pickel,,152,1
Fleisch,Fleisch,,148,15
Wimpern,Wimpern,,147,1
Produkten,Produkten,,141,3
unreine Haut,unreine Haut,,130,1
Wirkung,Wirkung,,128,1
Gesicht,Gesicht,,128,1
Mund,Mund,,127,1
Platz,Platz,,124,8
Zähne,Zähne,,121,12
Sonne,Sonne,,121,17
SEPHORA,SEPHORA,,121,75
Mascara,Mascara,,118,4
Bad,Bad,,117,7
Maske,Maske,,116,1
Themen auf ELLEPflege,Themen auf ELLEPflege,,115,96
Hautpflege,Hautpflege,,113,10
Milch,Milch,,113,48
Baby,Baby,,112,4
Lippen,Lippen,,112,1
Concealer,Concealer,,111,1
Bad Hair Days,Bad Hair Days,,111,91
Monat,Monat,,109,10
Erfahrung,Erfahrung,,108,1
UnsVon Cordula,UnsVon Cordula,,108,91
Curtain Bangs,Curtain Bangs,,104,21
Thema Nachhaltigkeit,Thema Nachhaltigkeit,,102,1
Strand,Strand,,102,17
strahlenden Teint,strahlenden Teint,,102,9
Geschäften,Geschäften,,100,1
Getty,Getty,,100,4
FARBEN,FARBEN,,1090,2
fit Jeans,fit Jeans,,954,2
PANTS,PANTS,,628,2
SPARE,SPARE,,547,2
JEANS,JEANS,,533,2
RABATT,RABATT,,458,2
AUSGEWÄHLTE,AUSGEWÄHLTE,,416,2
SHOPPEN,SHOPPEN,,282,2
CODE,CODE,,270,2
EXTRA,EXTRA,,267,2
AUSGEWÄHLTE JACKEN,AUSGEWÄHLTE JACKEN,,260,2
Lust,Lust,,241,2
Trends der Saison,Trends der Saison,,222,2
LETZTE CHANCE,LETZTE CHANCE,,220,2
SPARE MINDESTENS,SPARE MINDESTENS,,220,2
JONES Hosen,JONES Hosen,,218,2
Teilen mit Print,Teilen mit Print,,218,2
JJXX,JJXX,,218,2
Weiß oder Schwarz,Weiß oder Schwarz,,215,2
Must-haves der Saison,Must-haves der Saison,,215,2
ARTIKEL,ARTIKEL,,207,2
Outfits,Outfits,,204,2
AUSGEWÄHLTE ARTIKEL,AUSGEWÄHLTE ARTIKEL,,204,2
bringen frischen Wind,bringen frischen Wind,,194,2
Black Friday,Black Friday,,185,2
frischen Wind,frischen Wind,,166,2
Wind in deinen,Wind in deinen,,154,2
MINDESTENS,MINDESTENS,,145,2
Jacke,Jacke,,139,2
LETZTE,LETZTE,,136,2
CHANCE,CHANCE,,136,2
Jackentrends der Saison,Jackentrends der Saison,,130,2
FROHES,FROHES,,126,2
Favoriten in Weiß,Favoriten in Weiß,,103,2
RABATT AUF SWEATSHIRTS,RABATT AUF SWEATSHIRTS,,102,2
JJXX FÜR MÄDCHEN,JJXX FÜR MÄDCHEN,,102,2
SHOPPE JJXX,SHOPPE JJXX,,102,2
AUSGEWÄHLTE JEANS,AUSGEWÄHLTE JEANS,,102,2
RABATT AUF AUSGEWÄHLTE,RABATT AUF AUSGEWÄHLTE,,102,2
Stand in Sachen,Stand in Sachen,,583,2
Skinny Jeans,Skinny Jeans,,482,27
Sachen Stil,Sachen Stil,,468,2
Suche,Suche,,351,8
Hemd,Hemd,,342,2
Paar,Paar,,215,2
Strickneuheiten der Saison,Strickneuheiten der Saison,,206,2
passend zum Anlass,passend zum Anlass,,194,2
Angebote,Angebote,,146,2
Angebote und Neuigkeiten,Angebote und Neuigkeiten,,126,89
Anlass,Anlass,,111,2
Micky Maus,Micky Maus,,835,3
Weihnachten,Weihnachten,,764,9
Maus,Maus,,754,10
Schwarze,Schwarze,,535,27
Kapuzenpullover,Kapuzenpullover,,523,27
Girls,Girls,,458,27
Stores Limited,Stores Limited,,457,3
Primark Stores,Primark Stores,,371,3
Harry Potter,Harry Potter,,335,3
The Pooh Cares,The Pooh Cares,,326,80
Neu eingetroffenDisney,Neu eingetroffenDisney,,280,27
Sneaker,Sneaker,,277,27
Winnie The Pooh,Winnie The Pooh,,273,80
Work From Home,Work From Home,,270,3
Babys Neu eingetroffen,Babys Neu eingetroffen,,268,27
Kapuzenpullover Neu eingetroffen,Kapuzenpullover Neu eingetroffen,,248,27
Socken,Socken,,246,23
Slogan Neu eingetroffen,Slogan Neu eingetroffen,,239,27
Weihnachtsgeschenk Neu eingetroffen,Weihnachtsgeschenk Neu eingetroffen,,238,27
Primark Red Kapuzenpullover,Primark Red Kapuzenpullover,,221,27
Mood Boost,Mood Boost,,220,91
Minnie,Minnie,,215,27
Work From,Work From,,212,3
Pullover,Pullover,,210,27
Disney Lilo,Disney Lilo,,210,3
Abenteuer,Abenteuer,,206,5
Slogan für Babys,Slogan für Babys,,205,27
Disney Frozen,Disney Frozen,,204,27
From Home,From Home,,204,3
Kopf bis Fuß,Kopf bis Fuß,,187,27
Samt,Samt,,167,3
Quaste am Deckel,Quaste am Deckel,,158,3
Sneaker für Damen,Sneaker für Damen,,152,92
Schlüsselanhänger,Schlüsselanhänger,,150,3
Weg,Weg,,149,3
Verschenken an Weihnachten,Verschenken an Weihnachten,,147,9
Rundhalspullover,Rundhalspullover,,144,27
manchmal das Gefühl,manchmal das Gefühl,,143,36
Haustiere Neu eingetroffen,Haustiere Neu eingetroffen,,141,27
Great Outdoors Kapuzenpullover,Great Outdoors Kapuzenpullover,,133,27
Great Outdoors,Great Outdoors,,119,27
Weihnachtsgeschenk,Weihnachtsgeschenk,,114,27
Disney Prinzessin,Disney Prinzessin,,112,27
Produkten angesehen,Produkten angesehen,,105,3
Spiele,Spiele,,102,3
Micky Maus Nostalgia,Micky Maus Nostalgia,,102,27
Anforderungen geradezu spielend,Anforderungen geradezu spielend,,101,27
Sex,Sex,,814,5
Look,Look,,577,21
Fashion Week,Fashion Week,,544,4
Laut Horoskop,Laut Horoskop,,524,4
Modetrend,Modetrend,,519,4
Week Paris Frühjahr,Week Paris Frühjahr,,519,4
Sterne,Sterne,,517,63
Jogginghose,Jogginghose,,515,27
Arbeit,Arbeit,,487,23
Glück,Glück,,485,4
mal,mal,,453,25
laut Horoskop,laut Horoskop,,434,4
Städte METAL HAMMER,Städte METAL HAMMER,,410,8
verraten,verraten,,406,24
Week Mailand Frühjahr,Week Mailand Frühjahr,,395,4
Bob,Bob,,377,21
Damen,Damen,,364,92
MenüLaut Horoskop,MenüLaut Horoskop,,345,4
Frisur,Frisur,,333,21
Oktober,Oktober,,330,4
Outfit,Outfit,,310,60
Job,Job,,309,57
Beauty Themen,Beauty Themen,,306,21
Sachen,Sachen,,305,8
Modetrends,Modetrends,,296,56
Fashion Week Mailand,Fashion Week Mailand,,295,4
Top oder Flop,Top oder Flop,,295,4
Accessoires,Accessoires,,284,3
Tee,Tee,,273,76
Genuss,Genuss,,273,22
BESTE Woche,BESTE Woche,,268,4
Modelle,Modelle,,260,56
Gulasch,Gulasch,,251,15
Styles,Styles,,245,89
Künstler,Künstler,,244,25
Sachen Liebe,Sachen Liebe,,231,8
Hinweis der Redaktion,Hinweis der Redaktion,,228,27
Jackpot,Jackpot,,225,4
Fashion Week Paris,Fashion Week Paris,,221,4
Frage,Frage,,221,24
Leggings,Leggings,,209,27
Parfum,Parfum,,208,63
Redaktion,Redaktion,,201,95
Haarfarben,Haarfarben,,191,21
nexx GmbH aktivieren,nexx GmbH aktivieren,,188,4
Jahreshoroskop,Jahreshoroskop,,186,8
Suppen,Suppen,,184,54
Skinny,Skinny,,184,27
zeigen,zeigen,,182,56
Archiv,Archiv,,179,4
Artikel enthält,Artikel enthält,,173,27
Fall,Fall,,168,7
Modetrend im Winter,Modetrend im Winter,,164,4
Frühjahr,Frühjahr,,162,4
Schuhe,Schuhe,,161,27
Sonnenbrille,Sonnenbrille,,160,3
Styling,Styling,,157,3
Hose,Hose,,150,27
lieben,lieben,,150,4
Wetter,Wetter,,150,55
Stilberatung,Stilberatung,,149,8
Kombination,Kombination,,147,63
Charakter,Charakter,,147,24
Straight Leg Jeans,Straight Leg Jeans,,146,8
Gemüse,Gemüse,,145,11
Paris Frühjahr,Paris Frühjahr,,143,4
Week Paris,Week Paris,,139,4
tragen,tragen,,134,56
Modetrend im Herbst,Modetrend im Herbst,,131,8
Coronavirus,Coronavirus,,131,3
Zeiten,Zeiten,,131,27
Mango,Mango,,128,6
nexx GmbH,nexx GmbH,,126,4
Faux Fur Slides,Faux Fur Slides,,125,38
Natur,Natur,,124,74
Vermittlung,Vermittlung,,119,27
Herbst und Winter,Herbst und Winter,,118,8
Liebsten,Liebsten,,116,9
Let,Let,,111,41
Prinz William,Prinz William,,110,3
GmbH aktivieren,GmbH aktivieren,,110,4
Arm,Arm,,110,17
Stiefel,Stiefel,,109,8
Hailey Bieber,Hailey Bieber,,106,4
Fassungsvermögen,Fassungsvermögen,,106,7
Material,Material,,104,52
Blazer,Blazer,,103,27
Sachen Mode,Sachen Mode,,100,8
Dinge,Dinge,,770,12
Frau,Frau,,518,80
Partner,Partner,,394,8
Männer,Männer,,388,63
Bett,Bett,,385,5
Symptome,Symptome,,380,57
Gefühl,Gefühl,,363,36
Beziehung,Beziehung,,355,8
Egal,Egal,,333,62
Sexualität,Sexualität,,311,61
Vagina,Vagina,,290,5
Nebensache der Welt,Nebensache der Welt,,276,5
Mal,Mal,,268,15
schönste Nebensache,schönste Nebensache,,252,5
Leidenschaft,Leidenschaft,,244,8
Nebensache,Nebensache,,240,5
Sexstellungen,Sexstellungen,,189,5
neuesten Sex-News lesen,neuesten Sex-News lesen,,178,5
erotische Abenteuer,erotische Abenteuer,,178,5
Thema Sex Sexstellungen,Thema Sex Sexstellungen,,178,5
Sextoys,Sextoys,,177,5
Spaß,Spaß,,147,5
eigentlich,eigentlich,,130,24
stehen,stehen,,129,10
Orgasmus,Orgasmus,,114,5
Love,Love,,111,8
Lebens,Lebens,,110,24
Tod,Tod,,101,24
Teig,Teig,,781,15
Eier,Eier,,581,15
Butter,Butter,,567,15
Umluft,Umluft,,526,37
Stücke schneiden,Stücke schneiden,,488,37
Mehl,Mehl,,466,37
Reis,Reis,,456,15
Fußbereichsmenü Social Media,Fußbereichsmenü Social Media,,424,48
trennen,trennen,,368,15
Back­pulver mischen,Back­pulver mischen,,356,15
Eigelbe mit Currypulver,Eigelbe mit Currypulver,,356,15
Mehl und Back­pulver,Mehl und Back­pulver,,356,15
Eier trennen,Eier trennen,,356,15
Ofen,Ofen,,294,37
Topf,Topf,,258,37
glatten Teig verkneten,glatten Teig verkneten,,224,15
heizen,heizen,,200,37
Pfannkuchen,Pfannkuchen,,187,37
Inhalt teilenSchwierigkeiteinfachPro,Inhalt teilenSchwierigkeiteinfachPro,,187,15
Milch Eier Prise,Milch Eier Prise,,177,37
Backpulver mischen,Backpulver mischen,,168,15
Plätzchen,Plätzchen,,153,48
Wasser einweichen,Wasser einweichen,,152,15
warmem Wasser einweichen,warmem Wasser einweichen,,152,15
Wasser vermischen,Wasser vermischen,,152,15
Butter bestreichen,Butter bestreichen,,152,15
Spinat,Spinat,,150,37
Kilogramm,Kilogramm,,149,15
Social Media Links,Social Media Links,,149,6
dicke Schicht Käse,dicke Schicht Käse,,148,76
Schicht Käse,Schicht Käse,,148,76
teilenSchwierigkeiteinfachPro Portion,teilenSchwierigkeiteinfachPro Portion,,145,15
Inhalt teilenSchwierigkeiteinfachPro Portion,Inhalt teilenSchwierigkeiteinfachPro Portion,,145,15
Inhalt teilenSchwierigkeiteinfachPro PortionFür,Inhalt teilenSchwierigkeiteinfachPro PortionFür,,126,15
Fehler,Fehler,,125,52
Hefe,Hefe,,124,37
Pizza,Pizza,,120,74
Schüssel,Schüssel,,106,42
Lachs,Lachs,,780,48
längs halbieren,längs halbieren,,564,48
Scheiben,Scheiben,,511,48
halbieren,halbieren,,440,48
feine Streifen schneiden,feine Streifen schneiden,,400,48
Salzwasser,Salzwasser,,398,48
entkernen,entkernen,,394,48
kalt,kalt,,368,48
Lachs auftauen,Lachs auftauen,,356,48
abbrausen und trocken,abbrausen und trocken,,356,48
Lachs auftauen lassen,Lachs auftauen lassen,,356,48
kalt abbrausen,kalt abbrausen,,356,48
längs,längs,,356,48
Kartoffeln,Kartoffeln,,239,48
Pastinaken,Pastinaken,,190,15
Pastinaken schälen,Pastinaken schälen,,190,15
Salzwasser bissfest,Salzwasser bissfest,,174,48
Wohlbefinden,Wohlbefinden,,681,14
Kraft,Kraft,,603,18
Themen,Themen,,532,21
manchmal ganz schön,manchmal ganz schön,,439,12
Beschwerden,Beschwerden,,417,57
auftauen,auftauen,,385,48
Leute,Leute,,374,53
Kind,Kind,,325,39
Gefühle,Gefühle,,320,36
System,System,,299,74
Veränderungen,Veränderungen,,278,12
Seite,Seite,,256,89
Waschmaschine,Waschmaschine,,237,56
Madeleine Darya Alizadeh,Madeleine Darya Alizadeh,,234,12
Laufenden bleiben,Laufenden bleiben,,214,12
Angst,Angst,,213,40
Kindern,Kindern,,211,25
Zutaten,Zutaten,,188,7
abends,abends,,184,12
Bereichen,Bereichen,,183,12
geboren,geboren,,178,80
Interior Trends,Interior Trends,,178,12
Aktuelle aus Beauty,Aktuelle aus Beauty,,178,12
schön schnell,schön schnell,,178,12
Toilette,Toilette,,173,75
Haushalt,Haushalt,,170,52
Geschirr,Geschirr,,166,24
Dinge im Haushalt,Dinge im Haushalt,,154,52
schnell,schnell,,143,7
Eigenschaften,Eigenschaften,,136,12
Songs,Songs,,131,108
Schlaf,Schlaf,,123,42
Mikrowelle,Mikrowelle,,122,7
glaube,glaube,,121,12
Darya Alizadeh,Darya Alizadeh,,117,12
Darya Alizadeh Polizistin,Darya Alizadeh Polizistin,,117,12
unseren Körper,unseren Körper,,114,12
Alizadeh,Alizadeh,,113,12
Tisch,Tisch,,111,54
Freunden,Freunden,,107,12
Zahnbürste,Zahnbürste,,103,12
Dezember,Dezember,,550,39
Familien,Familien,,494,12
Familie,Familie,,490,39
Hause,Hause,,430,17
Januar,Januar,,430,39
Auswahl,Auswahl,,413,27
Geld,Geld,,358,60
Bleib gesund,Bleib gesund,,345,57
Corona,Corona,,343,9
gesund,gesund,,312,57
Stars,Stars,,307,3
kaufen,kaufen,,303,28
Anrufe bei Sorgentelefonen,Anrufe bei Sorgentelefonen,,294,9
Geburtstag,Geburtstag,,278,63
Daniela,Daniela,,276,23
Karten,Karten,,270,10
Social Media,Social Media,,262,3
Herzen,Herzen,,233,57
Tür,Tür,,217,24
Qual der Wahl,Qual der Wahl,,202,9
Pyjama,Pyjama,,200,27
Buch,Buch,,186,80
Schokolade,Schokolade,,183,49
glänzendes Kunstnägel-Set,glänzendes Kunstnägel-Set,,167,9
Herzogin Kate,Herzogin Kate,,166,3
Namen,Namen,,143,39
Adventskalender,Adventskalender,,141,57
Mutter,Mutter,,139,20
Ideen,Ideen,,138,8
Weihnachtszeit,Weihnachtszeit,,136,27
Pyjamas,Pyjamas,,136,27
Prinz Harry,Prinz Harry,,133,3
Problem,Problem,,130,27
Ruhe,Ruhe,,126,1
Haus,Haus,,126,52
Meghan Markle,Meghan Markle,,122,3
Zubereitung,Zubereitung,,119,7
Planetary Health Diet,Planetary Health Diet,,116,57
Fans,Fans,,114,41
Lippenpeeling,Lippenpeeling,,113,9
Kekse,Kekse,,112,42
laut HoroskopLaut Horoskop,laut HoroskopLaut Horoskop,,106,4
Prozent der Befragten,Prozent der Befragten,,105,9
Gerichte,Gerichte,,103,7
Besonderes,Besonderes,,103,88
Silvester,Silvester,,103,9
Lippenpeeling mit Beerengeschmack,Lippenpeeling mit Beerengeschmack,,101,9
findest,findest,,506,10
Mädchen,Mädchen,,486,27
Tarotkarte,Tarotkarte,,264,10
unserem Sortiment,unserem Sortiment,,197,27
Ohrhörer,Ohrhörer,,191,52
Karte,Karte,,181,10
Klicke,Klicke,,178,10
Klicke einfach,Klicke einfach,,178,10
Wunschkarte,Wunschkarte,,178,10
Tageskarte findest,Tageskarte findest,,176,10
Tarot-Tageskarte,Tarot-Tageskarte,,176,10
Tageskarte,Tageskarte,,176,10
Blumenmuster,Blumenmuster,,151,27
NBA Chicago Bulls,NBA Chicago Bulls,,145,27
Kabellose,Kabellose,,123,52
Kartenetui aus Silikon,Kartenetui aus Silikon,,116,52
Handy,Handy,,105,52
nachhaltiger Ernährung,nachhaltiger Ernährung,,466,11
Trends und Diäten,Trends und Diäten,,466,11
Obst,Obst,,362,11
Eismaschine Mediterrane Küche,Eismaschine Mediterrane Küche,,361,11
enthalten,enthalten,,264,11
gesunde Lebensmittel,gesunde Lebensmittel,,263,11
Gesunde Lebensmittel,Gesunde Lebensmittel,,257,11
gesunde Lebensmittel bevorzugt,gesunde Lebensmittel bevorzugt,,255,11
StartseiteErnährungGesund essenGesunde,StartseiteErnährungGesund essenGesunde,,255,11
essenGesunde Lebensmittel,essenGesunde Lebensmittel,,255,11
StartseiteErnährungGesund essenGesunde Lebensmittel,StartseiteErnährungGesund essenGesunde Lebensmittel,,255,11
Ernährung Weihnachtsessen,Ernährung Weihnachtsessen,,224,11
Bummel übern Weihnachtsmarkt,Bummel übern Weihnachtsmarkt,,742,12
Familienalltag,Familienalltag,,482,12
Kinder und Großeltern,Kinder und Großeltern,,482,12
eher medizinische Themen,eher medizinische Themen,,482,12
Diagnose für Mutter,Diagnose für Mutter,,482,12
StartseiteFamilie Gesundheit,StartseiteFamilie Gesundheit,,476,12
schön anstrengend,schön anstrengend,,265,12
min.Kinder lieben Spiele,min.Kinder lieben Spiele,,260,12
min.Kinder lieben,min.Kinder lieben,,260,12
Familie Spaß haben.Fakt,Familie Spaß haben.Fakt,,260,12
Familienleben,Familienleben,,260,12
Familienleben kann manchmal,Familienleben kann manchmal,,260,12
Raum Schöne Ferien,Raum Schöne Ferien,,260,12
StartseiteFamilieFamilienleben Das Familienleben,StartseiteFamilieFamilienleben Das Familienleben,,256,12
Stunden,Stunden,,212,42
Ringe schneiden,Ringe schneiden,,692,15
würfeln,würfeln,,430,37
abziehen,abziehen,,420,15
Chili,Chili,,400,15
feine Ringe schneiden,feine Ringe schneiden,,340,15
Zwiebeln abziehen,Zwiebeln abziehen,,304,15
Media Links Kategorien,Media Links Kategorien,,294,49
Knoblauch abziehen,Knoblauch abziehen,,268,15
Würfel schneiden,Würfel schneiden,,265,15
Knoblauch,Knoblauch,,258,15
Ringe,Ringe,,239,15
Chili in Ringe,Chili in Ringe,,208,15
Sternanis und Zimt,Sternanis und Zimt,,208,15
Würfel bzw,Würfel bzw,,208,15
Minuten köcheln lassen,Minuten köcheln lassen,,204,15
Lauchzwiebeln waschen,Lauchzwiebeln waschen,,152,15
feine Ringe,feine Ringe,,132,15
Stunden Garzeit Blumenkohl,Stunden Garzeit Blumenkohl,,132,15
Piment,Piment,,132,15
Nelken und Piment,Nelken und Piment,,132,15
Wasser auffüllen,Wasser auffüllen,,132,15
hacken,hacken,,106,48
Grippeimpfung,Grippeimpfung,,687,13
Menge Tipps,Menge Tipps,,424,13
Medizin,Medizin,,423,13
medizinische Fakten,medizinische Fakten,,421,13
Krankheiten und Symptomen,Krankheiten und Symptomen,,421,13
Kindern Laktoseintoleranz,Kindern Laktoseintoleranz,,421,13
Fakten und Neuigkeiten,Fakten und Neuigkeiten,,421,13
StartseiteMedizin Gesundheit,StartseiteMedizin Gesundheit,,417,13
Impfstoff,Impfstoff,,346,13
Impfung,Impfung,,344,13
Fruktose oder Gluten,Fruktose oder Gluten,,300,74
Risiko,Risiko,,287,13
Grippe impfen lassen,Grippe impfen lassen,,266,13
Doppelinfektion verringern,Doppelinfektion verringern,,266,13
Regine Heilbronn,Regine Heilbronn,,266,13
Risiko einer Doppelinfektion,Risiko einer Doppelinfektion,,266,13
schwere Krankheitsverläufe,schwere Krankheitsverläufe,,266,13
Grippeimpfung schützt,Grippeimpfung schützt,,222,13
Grippe,Grippe,,219,13
inneren Werte,inneren Werte,,605,14
Ruhe und Entspannung,Ruhe und Entspannung,,605,14
Entspannung Sicher Schwimmen,Entspannung Sicher Schwimmen,,605,14
Zwiebel,Zwiebel,,638,48
Zwiebel abziehen,Zwiebel abziehen,,460,48
Stück,Stück,,408,48
fein würfeln,fein würfeln,,328,48
würfeln bzw. hacken,würfeln bzw. hacken,,228,48
bzw. hacken,bzw. hacken,,214,48
würfeln bzw.,würfeln bzw.,,208,48
Knoblauch und Zwiebel,Knoblauch und Zwiebel,,208,48
fein würfeln bzw.,fein würfeln bzw.,,208,48
Knoblauchzehe,Knoblauchzehe,,177,48
Inhalt teilenSchwierigkeitmittelschwerPro,Inhalt teilenSchwierigkeitmittelschwerPro,,176,48
Inhalt teilenSchwierigkeitmittelschwerPro PortionBolognese,Inhalt teilenSchwierigkeitmittelschwerPro PortionBolognese,,176,48
Knoblauchzehe Karotten,Knoblauchzehe Karotten,,176,48
Karotten Stange,Karotten Stange,,176,48
perfekt Herzhafte Bolognese,perfekt Herzhafte Bolognese,,176,48
Knoblauchzehe Karotten Stange,Knoblauchzehe Karotten Stange,,176,48
klein würfeln,klein würfeln,,160,15
One Pot Pasta,One Pot Pasta,,146,48
Pastinaken zugeben,Pastinaken zugeben,,140,15
Kartoffel und Pastinaken,Kartoffel und Pastinaken,,140,15
Bund,Bund,,127,48
Zwiebel und Knoblauch,Zwiebel und Knoblauch,,104,37
Lower,Lower,,614,16
Everyday Lower,Everyday Lower,,254,16
Lower Price,Lower Price,,254,16
The Gap,The Gap,,206,16
Everyday Lower PriceEveryday,Everyday Lower PriceEveryday,,204,16
PriceEveryday Lower Price,PriceEveryday Lower Price,,204,16
Bein,Bein,,607,17
Geburt,Geburt,,591,20
Beine,Beine,,588,17
Knie,Knie,,524,17
Boden,Boden,,482,17
Arme,Arme,,267,17
Risiken Drei Übungen,Risiken Drei Übungen,,267,17
Knacken Vorboten,Knacken Vorboten,,267,17
Professor,Professor,,267,17
Schmerzen hast.Unsere Knie,Schmerzen hast.Unsere Knie,,267,17
Ostermeier,Ostermeier,,267,17
knacken,knacken,,267,17
Professor Ostermeier,Professor Ostermeier,,267,17
Knie knacken,Knie knacken,,267,17
knirschen Kennst,knirschen Kennst,,264,17
Thigh Lift,Thigh Lift,,257,17
Position,Position,,257,17
Arme und Beine,Arme und Beine,,257,17
Beinübung,Beinübung,,257,17
Beine trainieren,Beine trainieren,,254,17
leben,leben,,227,3
Shorts,Shorts,,163,27
Primark Cares Jeans,Primark Cares Jeans,,146,27
Kunstleder,Kunstleder,,138,27
Bewegung,Bewegung,,210,22
Entspannungsinseln im Alltag,Entspannungsinseln im Alltag,,116,9
Fitness,Fitness,,505,18
Kondition,Kondition,,453,18
Beweglichkeit,Beweglichkeit,,453,18
Infos und Tipps,Infos und Tipps,,453,18
findest du Infos,findest du Infos,,453,18
Themen Sport,Themen Sport,,453,18
Sport und Fitness,Sport und Fitness,,453,18
Angststörungen Sicher Schwimmen,Angststörungen Sicher Schwimmen,,453,18
StartseiteWohlbefindenFitness Mehr Kraft,StartseiteWohlbefindenFitness Mehr Kraft,,449,18
Beckenbodentraining,Beckenbodentraining,,160,18
Abs,Abs,,597,19
METAL HAMMER PARADISE,METAL HAMMER PARADISE,,479,108
Verarbeitung,Verarbeitung,,457,19
Verlag,Verlag,,424,40
Wacken Open Air,Wacken Open Air,,394,41
Verarbeitung personenbezogener Daten,Verarbeitung personenbezogener Daten,,387,19
Digital,Digital,,377,40
Impressum Impressum,Impressum Impressum,,360,40
TMG,TMG,,360,40
Redakteurin,Redakteurin,,359,40
Klambt Digital Hub,Klambt Digital Hub,,358,40
Gänsemarkt,Gänsemarkt,,357,40
Folgende Daten,Folgende Daten,,356,19
folgende Daten gespeichert,folgende Daten gespeichert,,356,19
Verlag GmbH,Verlag GmbH,,327,40
Gänsemarkt 21-23,Gänsemarkt 21-23,,294,40
Festival Summer Breeze,Festival Summer Breeze,,291,41
DSGVO,DSGVO,,194,40
Informationspflichten,Informationspflichten,,184,40
Verarbeitung der Daten,Verarbeitung der Daten,,180,19
RStV,RStV,,180,40
Datenschutzerklärung Datenschutzerklärung,Datenschutzerklärung Datenschutzerklärung,,178,19
erhobenen personenbezogenen Daten,erhobenen personenbezogenen Daten,,176,19
Project Manager Digital,Project Manager Digital,,170,40
Datenschutzhinweise I. Name,Datenschutzhinweise I. Name,,169,19
gemäß Art,gemäß Art,,130,40
Tina,Tina,,292,20
Mütter und Väter,Mütter und Väter,,277,20
Jana,Jana,,273,20
Blut,Blut,,270,20
aufregende Monate,aufregende Monate,,269,20
Thema Schwangerschaft,Thema Schwangerschaft,,267,20
Väter Antworten,Väter Antworten,,267,20
Bewegung oder Vorsorge,Bewegung oder Vorsorge,,267,20
ums Thema Schwangerschaft,ums Thema Schwangerschaft,,267,20
Geburt Diagnose Schwangerschaftsdiabetes,Geburt Diagnose Schwangerschaftsdiabetes,,267,20
Blutzucker,Blutzucker,,267,20
Grüter,Grüter,,267,20
Jana Langer,Jana Langer,,267,20
Diagnose bedeutet Plötzlich,Diagnose bedeutet Plötzlich,,267,20
Schwangerschaftsdiabetes,Schwangerschaftsdiabetes,,267,20
Tina Grüter,Tina Grüter,,267,20
Schwanger,Schwanger,,264,20
StartseiteFamilieSchwangerschaft und Geburt,StartseiteFamilieSchwangerschaft und Geburt,,264,20
Geburt Schwanger,Geburt Schwanger,,264,20
Sephora App shoppen,Sephora App shoppen,,446,75
New York,New York,,442,95
App shoppen,App shoppen,,384,75
Neuheiten und persönliche,Neuheiten und persönliche,,381,75
persönliche Angebote,persönliche Angebote,,379,75
Verpasse keine Neuheiten,Verpasse keine Neuheiten,,376,75
Unlimited Beauty Programm.E,Unlimited Beauty Programm.E,,353,75
Eau de Toilette,Eau de Toilette,,228,75
Art und Weise,Art und Weise,,213,91
Haarpflege,Haarpflege,,210,75
Stores,Stores,,200,3
feine Haare,feine Haare,,173,56
Eau de Parfum,Eau de Parfum,,107,75
Yoga,Yoga,,203,40
Pfanne,Pfanne,,477,48
Ravioli,Ravioli,,370,48
Kuchen,Kuchen,,314,88
Bubbles,Bubbles,,264,88
stricken,stricken,,189,88
wissen,wissen,,456,21
möchten wissen,möchten wissen,,270,21
Gesichtsform,Gesichtsform,,246,21
Looks,Looks,,230,21
Cut,Cut,,224,21
trägt,trägt,,199,21
Pixie Cut,Pixie Cut,,196,21
lieben Mode,lieben Mode,,183,21
Look oder möchten,Look oder möchten,,182,21
Aktuelle Trends,Aktuelle Trends,,182,21
aktuelle Looks,aktuelle Looks,,182,21
Mode und suchen,Mode und suchen,,182,21
schönsten Looks,schönsten Looks,,182,21
Gas,Gas,,178,104
Look gefällig,Look gefällig,,178,21
neuer Look gefällig,neuer Look gefällig,,178,21
Pixie,Pixie,,177,56
Accessoire,Accessoire,,134,69
Giorgio Armani,Giorgio Armani,,131,4
Style,Style,,122,133
Tamera,Tamera,,103,36
Gewicht,Gewicht,,466,22
Stoffwechsel,Stoffwechsel,,401,74
Entspannung,Entspannung,,350,14
Methode,Methode,,311,66
Stil,Stil,,291,27
Deutschland,Deutschland,,251,25
Amazon,Amazon,,213,26
Kochen,Kochen,,206,54
Umdrehungen pro Minute,Umdrehungen pro Minute,,175,56
fester Bestandteil,fester Bestandteil,,165,27
Arzt,Arzt,,149,57
Zuhause,Zuhause,,126,24
Raum,Raum,,124,8
Geschenkideen,Geschenkideen,,119,27
kälteren Monaten,kälteren Monaten,,115,1
Spiel,Spiel,,114,1
Fischer,Fischer,,109,80
Ursachen,Ursachen,,103,57
Zimmer,Zimmer,,100,8
Gewicht zu verlieren,Gewicht zu verlieren,,448,22
Genuss BMI,Genuss BMI,,267,22
Strategien,Strategien,,267,22
Deutschen Adipositas Gesellschaft,Deutschen Adipositas Gesellschaft,,267,22
Monaten im Homeoffice,Monaten im Homeoffice,,267,22
Homeoffice diese Frage,Homeoffice diese Frage,,267,22
Abnehmen mit Genuss,Abnehmen mit Genuss,,267,22
Frustessen beziehungsweise Snacken,Frustessen beziehungsweise Snacken,,264,22
StartseiteAnzeigeAbnehmen mit Genuss,StartseiteAnzeigeAbnehmen mit Genuss,,264,22
Thema Abnehmen,Thema Abnehmen,,178,22
ums Thema Abnehmen,ums Thema Abnehmen,,178,22
Intervallfasten Folge,Intervallfasten Folge,,178,22
Trennkost oder Diäten,Trennkost oder Diäten,,178,22
StartseiteErnährungAbnehmen,StartseiteErnährungAbnehmen,,176,22
StartseiteErnährungAbnehmen Gesund,StartseiteErnährungAbnehmen Gesund,,176,22
StartseiteErnährungAbnehmen Gesund abnehmen,StartseiteErnährungAbnehmen Gesund abnehmen,,176,22
Kalorien,Kalorien,,136,74
Ananas,Ananas,,113,6
UnsVon Alexandra,UnsVon Alexandra,,569,23
Bondi de AntoniUm,Bondi de AntoniUm,,531,23
Strick,Strick,,361,23
Daniela Meichelböck,Daniela Meichelböck,,272,23
Abschlusskollektion,Abschlusskollektion,,268,23
Daniela Meichelböck kennen,Daniela Meichelböck kennen,,268,23
Warten Daniela Meichelböck,Warten Daniela Meichelböck,,268,23
arbeiten,arbeiten,,265,23
Tamina Katz,Tamina Katz,,264,23
lässt Christina Seewald,lässt Christina Seewald,,264,23
Seewald,Seewald,,264,23
Christina Seewald,Christina Seewald,,264,23
Lea EgererVon Lea,Lea EgererVon Lea,,136,23
Zucker,Zucker,,450,42
Stücke,Stücke,,190,48
Käse,Käse,,181,76
Vanillinzucker und Zitronensaft,Vanillinzucker und Zitronensaft,,166,15
Mehl mit Backpulver,Mehl mit Backpulver,,126,15
"Äpfel",Äpfel,,124,22
Eiern verkneten,Eiern verkneten,,112,15
Butter und Eiern,Butter und Eiern,,104,15
eckige Backform,eckige Backform,,104,15
Form fetten,Form fetten,,104,15
Beruf,Beruf,,420,14
Portion Entspannung,Portion Entspannung,,345,14
Muskulatur,Muskulatur,,345,14
ordentlichen Portion Entspannung,ordentlichen Portion Entspannung,,345,14
StartseiteWohlbefindenPsycheTschüss Stress,StartseiteWohlbefindenPsycheTschüss Stress,,345,14
Sport,Sport,,345,74
Entspannungstechniken lernen Blitzentspannung,Entspannungstechniken lernen Blitzentspannung,,342,14
belastende Situationen,belastende Situationen,,297,14
hinzu kommen Konflikte,hinzu kommen Konflikte,,297,14
Kunden,Kunden,,195,104
Talking Beauty,Talking Beauty,,188,14
Einsatz,Einsatz,,185,105
Urlaub,Urlaub,,113,3
Stress ansteckend,Stress ansteckend,,112,14
Teilnehmerinnen und Teilnehmer,Teilnehmerinnen und Teilnehmer,,105,14
Neuheiten,Neuheiten,,387,24
Küchenpraxis spannend,Küchenpraxis spannend,,358,24
Chefredakteurin Gaby Höger,Chefredakteurin Gaby Höger,,358,24
aktuelle Rezept-Ideen,aktuelle Rezept-Ideen,,358,24
Rezept-Ideen und Neuheiten,Rezept-Ideen und Neuheiten,,358,24
Videos mit Tipps,Videos mit Tipps,,338,24
Newsletter unserer Chefredakteurin,Newsletter unserer Chefredakteurin,,336,24
essen,essen,,296,74
Immunsystem,Immunsystem,,233,45
Gaby Höger,Gaby Höger,,168,24
Newsletter Rezepte,Newsletter Rezepte,,165,24
Chefredakteurin Gaby,Chefredakteurin Gaby,,159,24
Familie und Gesundheit,Familie und Gesundheit,,157,24
Glas,Glas,,153,24
Strahlen,Strahlen,,150,24
reinigen,reinigen,,134,24
Fashion Week Berlin,Fashion Week Berlin,,127,56
Musik,Musik,,552,25
New Wave Reggae,New Wave Reggae,,512,25
HAMMER PODCAST FOLGE,HAMMER PODCAST FOLGE,,469,108
UnsVon Hella SchneiderUm,UnsVon Hella SchneiderUm,,309,25
aka Mikayla Simpson,aka Mikayla Simpson,,256,25
gehört Mikayla Simpsons,gehört Mikayla Simpsons,,252,25
Blank Canvas,Blank Canvas,,248,25
Genre Reggae steht,Genre Reggae steht,,248,25
UnsVon Hella,UnsVon Hella,,233,25
Generation,Generation,,177,9
Intimität,Intimität,,173,25
Finn,Finn,,173,25
Ronsdorf,Ronsdorf,,173,25
Hella SchneiderUm,Hella SchneiderUm,,173,25
Musiker Finn Ronsdorf,Musiker Finn Ronsdorf,,173,25
Finn Ronsdorf kennen,Finn Ronsdorf kennen,,173,25
Finn Ronsdorf,Finn Ronsdorf,,173,25
Bestellung,Bestellung,,472,26
Ausgabe,Ausgabe,,412,39
Roswitha Broszath,Roswitha Broszath,,287,63
spannenden Themen,spannenden Themen,,256,39
Abo abschließen,Abo abschließen,,254,39
Abo,Abo,,243,39
New York City,New York City,,238,95
steht,steht,,223,52
METAL HAMMER präsentiert,METAL HAMMER präsentiert,,217,41
Karriere,Karriere,,214,80
Roswitha,Roswitha,,199,63
Top,Top,,187,4
Stier,Stier,,186,94
Wochenende,Wochenende,,185,4
spannenden Einblick,spannenden Einblick,,182,39
aktuelle Heft,aktuelle Heft,,182,39
Aktuelles Heft,Aktuelles Heft,,182,39
Video,Video,,181,39
Schütze,Schütze,,180,94
COSMOPOLITAN,COSMOPOLITAN,,170,39
Absicht,Absicht,,165,56
großartigen Vorteile,großartigen Vorteile,,162,39
verbundenen Goodies finden,verbundenen Goodies finden,,152,39
Glückspilze der Woche,Glückspilze der Woche,,140,56
Horoskop Laut Horoskop,Horoskop Laut Horoskop,,135,4
Flop,Flop,,130,4
Long Distance Calling,Long Distance Calling,,123,57
Emily in Paris,Emily in Paris,,114,38
York City,York City,,111,95
Zeichen,Zeichen,,105,80
Müller,Müller,,102,60
Möbel lohnt,Möbel lohnt,,102,7
Pandemie,Pandemie,,101,9
Schal,Schal,,100,27
Strickneuheiten,Strickneuheiten,,145,2
Gutschein,Gutschein,,545,26
eBay Gutschein,eBay Gutschein,,267,26
eBay Gutscheine genau,eBay Gutscheine genau,,267,26
eBay Code,eBay Code,,267,26
eBay Coupons,eBay Coupons,,267,26
eBay Codes,eBay Codes,,267,26
eBay,eBay,,267,26
eBay Gutscheine,eBay Gutscheine,,267,26
nächsten Einkauf,nächsten Einkauf,,264,26
Regel,Regel,,200,31
PARSHIP,PARSHIP,,182,26
Amazon Gutscheine,Amazon Gutscheine,,177,26
Pia Roberta,Pia Roberta,,535,28
UnsVon Pia Roberta,UnsVon Pia Roberta,,371,28
Love Brings Love,Love Brings Love,,246,4
Fashion,Fashion,,236,4
Fashion Week London,Fashion Week London,,198,4
ModelsDesigner New YorkDesigner,ModelsDesigner New YorkDesigner,,196,4
New YorkDesigner ParisDesigner,New YorkDesigner ParisDesigner,,168,4
Kendall Jenner,Kendall Jenner,,163,28
Paris Fashion Week,Paris Fashion Week,,154,28
YorkDesigner ParisDesigner MailandModels,YorkDesigner ParisDesigner MailandModels,,152,4
Métiers d'Art Kollektion,Métiers d'Art Kollektion,,137,4
Chanel Métiers,Chanel Métiers,,133,4
Chanel Métiers d'Art,Chanel Métiers d'Art,,133,4
Alber Elbaz,Alber Elbaz,,132,4
York Fashion Week,York Fashion Week,,122,95
UnsVon Miriam,UnsVon Miriam,,119,85
New York Fashion,New York Fashion,,117,95
Fashion Week Frühjahr,Fashion Week Frühjahr,,117,4
Week,Week,,116,4
Mailand Frühjahr,Mailand Frühjahr,,110,4
Boys,Boys,,543,27
Jungen,Jungen,,452,27
T-Shirt,T-Shirt,,272,27
Langarmshirt,Langarmshirt,,179,27
Babys Neu,Babys Neu,,155,27
Pyjamaset,Pyjamaset,,154,27
Gefühl für Style,Gefühl für Style,,154,27
tollen Auswahl,tollen Auswahl,,152,27
Stil finden,Stil finden,,152,27
Lieblingscharaktere zur Schau,Lieblingscharaktere zur Schau,,118,27
Schwarze Jogginghose,Schwarze Jogginghose,,103,27
Blockfarben,Blockfarben,,102,27
Folgen Sie UnsDie,Folgen Sie UnsDie,,529,38
Pia Roberta SeelowVon,Pia Roberta SeelowVon,,503,38
Just Like That,Just Like That,,327,38
UnsVon Pia,UnsVon Pia,,303,28
And Just Like,And Just Like,,299,38
Mode-Trends sowie Taschen,Mode-Trends sowie Taschen,,294,38
UnsDie neuesten Mode-Trends,UnsDie neuesten Mode-Trends,,291,38
MusikerInnen mit Stil,MusikerInnen mit Stil,,276,38
wählen unsere Redakteur,wählen unsere Redakteur,,273,60
VOGUE loves,VOGUE loves,,272,60
Quo nachhaltigen Lifestyles,Quo nachhaltigen Lifestyles,,272,28
Miriam,Miriam,,270,60
Vielzahl an Star-Styles,Vielzahl an Star-Styles,,270,60
bewusste Konsumentscheidungen treffen,bewusste Konsumentscheidungen treffen,,257,28
Miriam NehringThe Editvon,Miriam NehringThe Editvon,,252,60
NehringThe Editvon Miriam,NehringThe Editvon Miriam,,249,60
VOGUE Redaktion umfasst,VOGUE Redaktion umfasst,,245,28
VOGUE NEXT presented,VOGUE NEXT presented,,234,28
angesagtesten Fashion-Metropolen,angesagtesten Fashion-Metropolen,,222,38
Pia Roberta SeelowDie,Pia Roberta SeelowDie,,214,28
zukünftig leben,zukünftig leben,,206,28
VOGUE Sustainable Picks,VOGUE Sustainable Picks,,206,28
Roberta SeelowDie,Roberta SeelowDie,,206,28
René Scheibenbauers Frühjahr,René Scheibenbauers Frühjahr,,199,103
Logo-Stickereien in Weihnachtsstimmung,Logo-Stickereien in Weihnachtsstimmung,,194,28
Weihnachtsstimmung versetzenDie,Weihnachtsstimmung versetzenDie,,194,28
Weihnachtsstimmung versetzenDie glitzernden,Weihnachtsstimmung versetzenDie glitzernden,,194,28
VOGUE Collection sorgen,VOGUE Collection sorgen,,194,28
Konsumentscheidungen treffen,Konsumentscheidungen treffen,,149,28
Sarah Jessica Parker,Sarah Jessica Parker,,133,38
Miriam NehringVon,Miriam NehringVon,,110,38
selbstbewusste Frauen,selbstbewusste Frauen,,535,29
neu,neu,,223,27
gewebte Masken,gewebte Masken,,154,9
Beanie,Beanie,,128,27
Stiefel Featured Kleidung,Stiefel Featured Kleidung,,124,27
Zierkette Neu eingetroffen,Zierkette Neu eingetroffen,,118,27
Mützen,Mützen,,117,27
Baur Gutschein,Baur Gutschein,,534,30
Baur Aktionscodes,Baur Aktionscodes,,267,30
Baur Rabatt erhalten,Baur Rabatt erhalten,,267,30
Baur Gutschein einlösen,Baur Gutschein einlösen,,267,30
Baur Gutschein hinterlegen,Baur Gutschein hinterlegen,,267,30
Baur Rabatt,Baur Rabatt,,267,30
Baur Gutschein korrekt,Baur Gutschein korrekt,,267,30
Baur Codes,Baur Codes,,267,30
Baur Rabattcode,Baur Rabattcode,,267,30
Baur,Baur,,267,30
paar Euro,paar Euro,,534,31
paar Euro reduziert,paar Euro reduziert,,270,31
OTTO Gutschein,OTTO Gutschein,,267,31
Euro reduziert,Euro reduziert,,267,31
OTTO Rabattcode,OTTO Rabattcode,,267,31
OTTO Rabattgutschein,OTTO Rabattgutschein,,267,31
kostenlosen OTTO Gutschein,kostenlosen OTTO Gutschein,,267,31
OTTO Gutscheincode,OTTO Gutscheincode,,267,31
OTTO,OTTO,,267,31
OTTO Gutscheine,OTTO Gutscheine,,267,31
Gutscheincode,Gutscheincode,,265,31
Deichmann Gutschein,Deichmann Gutschein,,178,31
Händlers Deichmann gerne,Händlers Deichmann gerne,,178,31
Deichmann Gutscheine,Deichmann Gutscheine,,178,31
Deichmann,Deichmann,,178,31
Deichmann Rabattcode,Deichmann Rabattcode,,176,31
Deichmann Coupons,Deichmann Coupons,,176,31
Deichmann Rabatt,Deichmann Rabatt,,176,31
Deichmann Gutscheincode,Deichmann Gutscheincode,,176,31
Christ,Christ,,534,32
bares Geld,bares Geld,,359,32
Christ Rabatt ergeben,Christ Rabatt ergeben,,267,32
renommierten Online-Juwelier bares,renommierten Online-Juwelier bares,,267,32
Christ Rabatt,Christ Rabatt,,267,32
Christ Gutscheine,Christ Gutscheine,,267,32
Online-Juwelier bares Geld,Online-Juwelier bares Geld,,267,32
Christ Coupons,Christ Coupons,,264,32
ausschließlich Christ Gutscheine,ausschließlich Christ Gutscheine,,264,32
Monaten,Monaten,,215,57
Thema Skincare wissen,Thema Skincare wissen,,178,21
Thema Beauty,Thema Beauty,,178,21
Artikelübersicht,Artikelübersicht,,176,21
Beauty Thema,Beauty Thema,,176,21
Februar,Februar,,142,39
Vergleich,Vergleich,,532,33
Staubsauger,Staubsauger,,398,52
ums Thema Saugen,ums Thema Saugen,,266,52
Watt,Watt,,264,7
Schritt,Schritt,,202,33
Strom,Strom,,188,33
Kreditkarte,Kreditkarte,,182,33
Akku,Akku,,180,52
kostenlosen Stromanbieter Vergleich,kostenlosen Stromanbieter Vergleich,,178,33
Stromanbieter,Stromanbieter,,178,33
Kreditkarten Vergleich,Kreditkarten Vergleich,,178,33
Heißluftfritteuse,Heißluftfritteuse,,177,7
Strom Vergleich sicher,Strom Vergleich sicher,,176,33
Stromanbieter Vergleichs besteht,Stromanbieter Vergleichs besteht,,176,33
Stromanbieter Vergleichs dennoch,Stromanbieter Vergleichs dennoch,,176,33
Stromanbieter Vergleich fast,Stromanbieter Vergleich fast,,176,33
Grünen Strom,Grünen Strom,,176,33
Strom Vergleich,Strom Vergleich,,176,33
Stromanbieter Vergleich,Stromanbieter Vergleich,,176,33
Kreditkarten Vergleich Kreditkarten,Kreditkarten Vergleich Kreditkarten,,176,33
Ausland Bargeld,Ausland Bargeld,,176,33
Kreditkarte beantragen,Kreditkarte beantragen,,176,33
Ausland,Ausland,,176,33
Kreditkarten Vergleich Ausschau,Kreditkarten Vergleich Ausschau,,176,33
unserem Kreditkarten Vergleich,unserem Kreditkarten Vergleich,,176,33
kostenloser Kreditkarten Vergleich,kostenloser Kreditkarten Vergleich,,176,33
Staub,Staub,,131,52
Dead White Men,Dead White Men,,532,34
White Men Clothes,White Men Clothes,,270,34
Künstler Jojo Gronostay,Künstler Jojo Gronostay,,266,34
transdisziplinäre Label Dead,transdisziplinäre Label Dead,,266,34
Austrian Fashion Assosiation,Austrian Fashion Assosiation,,266,34
Dead White,Dead White,,266,34
Men Clothes,Men Clothes,,266,34
White Men,White Men,,266,34
Label Dead White,Label Dead White,,266,34
Beziehung zwischen Neokolonialismus,Beziehung zwischen Neokolonialismus,,266,34
per Telefonhotline,per Telefonhotline,,530,35
EntfernenDein,EntfernenDein,,306,35
Konto bei Superdry,Konto bei Superdry,,304,35
Wunschliste Bleiben,Wunschliste Bleiben,,304,35
registriert Neukunden Bleiben,registriert Neukunden Bleiben,,300,35
Artikel gespeichert,Artikel gespeichert,,216,35
Zugriff auf ausgewählte,Zugriff auf ausgewählte,,130,35
deinen Zugriff,deinen Zugriff,,129,35
Miriam NehringVon Miriam,Miriam NehringVon Miriam,,362,38
VOGUE Beauty-Kosmos,VOGUE Beauty-Kosmos,,294,38
UnsDie neuesten Beauty-Trends,UnsDie neuesten Beauty-Trends,,291,38
Beatrice GrafVon,Beatrice GrafVon,,159,38
Beatrice,Beatrice,,129,38
Beatrice GrafVon Beatrice,Beatrice GrafVon Beatrice,,129,38
Viktoria VokrriVon,Viktoria VokrriVon,,120,38
Nagellacke,Nagellacke,,114,38
UnsDie neuesten,UnsDie neuesten,,111,38
Martin,Martin,,527,36
Kerry Martin,Kerry Martin,,522,36
Kerry,Kerry,,493,36
Bex Gillam,Bex Gillam,,344,36
Gillam,Gillam,,236,36
Bex,Bex,,183,36
Entdecke,Entdecke,,134,78
neuesten Trends,neuesten Trends,,113,56
Backpapier ausgelegte Form,Backpapier ausgelegte Form,,256,42
Nüsse,Nüsse,,222,42
Biskuit,Biskuit,,220,42
vorheizen,vorheizen,,208,37
Pfeffer,Pfeffer,,204,42
Form,Form,,197,49
Pfanne ohne Fett,Pfanne ohne Fett,,184,37
schälen,schälen,,166,37
Backpapier belegtes Blech,Backpapier belegtes Blech,,154,37
Ofen nehmen,Ofen nehmen,,148,37
Rote Bete Suppe,Rote Bete Suppe,,132,37
Biskuit Nüsse,Biskuit Nüsse,,100,37
Sternzeichen laut Horoskop,Sternzeichen laut Horoskop,,163,56
Traum,Traum,,116,74
bringt,bringt,,107,10
Earthcolors By Archroma,Earthcolors By Archroma,,417,27
Stronghold,Stronghold,,240,27
NFL New England,NFL New England,,185,27
NFL New York,NFL New York,,182,27
NFL New,NFL New,,168,27
NFL Las Vegas,NFL Las Vegas,,152,27
Penn,Penn,,138,75
Primark Red,Primark Red,,121,27
Penn Sport,Penn Sport,,120,75
Neu eingetroffenPrimark Cares,Neu eingetroffenPrimark Cares,,108,80
Hipster,Hipster,,105,27
Black,Black,,189,2
Couture Frühjahr,Couture Frühjahr,,135,96
Like That,Like That,,131,38
Designs,Designs,,111,80
Schwarz,Schwarz,,102,52
Meldungen und News,Meldungen und News,,518,57
gefälschte Impfpässe Vorsicht,gefälschte Impfpässe Vorsicht,,239,57
Heilmittel Schmerzen,Heilmittel Schmerzen,,161,57
Kürbis bitter schmeckt,Kürbis bitter schmeckt,,131,0
Händen und Fingern,Händen und Fingern,,102,57
neueste Kollektion,neueste Kollektion,,394,92
Mental Load,Mental Load,,201,101
Hochzeit,Hochzeit,,190,48
Pooh Cares,Pooh Cares,,166,80
Damensocken von Superdry,Damensocken von Superdry,,152,92
Winnie The,Winnie The,,144,80
Facebook-Europachefin Angelika Gifford,Facebook-Europachefin Angelika Gifford,,136,80
Gescha,Gescha,,130,80
hierzulande das Gescha,hierzulande das Gescha,,130,80
Angelika Gifford,Angelika Gifford,,130,80
UnsVon Nina,UnsVon Nina,,130,80
Nina PiatscheckAngelika,Nina PiatscheckAngelika,,130,80
Nina PiatscheckAngelika Gifford,Nina PiatscheckAngelika Gifford,,130,80
UnsVon Nina PiatscheckAngelika,UnsVon Nina PiatscheckAngelika,,130,80
The Pooh,The Pooh,,127,80
Kollektion an Damensocken,Kollektion an Damensocken,,108,92
Superdry bringt,Superdry bringt,,108,92
ultimativen Essentials,ultimativen Essentials,,108,92
Tageshoroskop,Tageshoroskop,,250,94
Wochen und Monaten,Wochen und Monaten,,248,57
Sternzeichen Steinbock,Sternzeichen Steinbock,,221,94
Wochenhoroskop,Wochenhoroskop,,162,10
Stier Zwillinge Krebs,Stier Zwillinge Krebs,,149,10
Broszath,Broszath,,135,63
Monatshoroskop,Monatshoroskop,,122,10
voll im Trend,voll im Trend,,268,84
Wäsche,Wäsche,,253,56
Jogginghose Neu eingetroffen,Jogginghose Neu eingetroffen,,128,27
Mytheresa.comHier kaufen,Mytheresa.comHier kaufen,,104,28
Größe,Größe,,286,22
Strunk entfernen,Strunk entfernen,,124,48
neuesten,neuesten,,278,56
schönsten Modelle,schönsten Modelle,,119,56
BRIGITTE,BRIGITTE,,335,3
Training,Training,,172,72
Eisbaden,Eisbaden,,114,8
AntoniVon Alexandra Bondi,AntoniVon Alexandra Bondi,,492,38
SchneiderVon Alexandra Bondi,SchneiderVon Alexandra Bondi,,288,38
Bondi de AntoniVon,Bondi de AntoniVon,,225,38
Eva Blanco MedinaVon,Eva Blanco MedinaVon,,174,38
NjoyaVon Alexandra Bondi,NjoyaVon Alexandra Bondi,,156,38
Hella SchneiderVon Alexandra,Hella SchneiderVon Alexandra,,144,38
Lea EgererVon Fatima,Lea EgererVon Fatima,,132,38
AntoniVon Alexandra,AntoniVon Alexandra,,105,38
Lea EgererVon Hella,Lea EgererVon Hella,,100,38
Pony,Pony,,144,21
Harry,Harry,,130,3
Heidi Klum,Heidi Klum,,113,37
Ohren,Ohren,,106,1
vierthäufigsten psychischen Erkrankungen,vierthäufigsten psychischen Erkrankungen,,495,9
psychischen Erkrankungen,psychischen Erkrankungen,,492,9
Psyche,Psyche,,447,9
körperliche Gesundheit,körperliche Gesundheit,,447,9
Seele baumeln lässt,Seele baumeln lässt,,447,9
Gefühlen wie Einsamkeit,Gefühlen wie Einsamkeit,,447,9
Psyche kümmert,Psyche kümmert,,447,9
Marotte Konzentriert arbeiten,Marotte Konzentriert arbeiten,,447,9
Stress vermeidest,Stress vermeidest,,383,9
Seele baumeln,Seele baumeln,,253,9
Angst klarkommst.Zwangsstörungen gehören,Angst klarkommst.Zwangsstörungen gehören,,197,9
Geschichten,Geschichten,,122,80
Bluthochdruck,Bluthochdruck,,104,9
Liam HessVon Emma,Liam HessVon Emma,,174,38
Elise TaylorVon Liam,Elise TaylorVon Liam,,168,38
Berlin unterrepräsentierte Stimmen,Berlin unterrepräsentierte Stimmen,,156,126
Lisa LudwigVon Hope,Lisa LudwigVon Hope,,138,38
Bernd SkupinVon Kemi,Bernd SkupinVon Kemi,,132,38
Salz und Pfeffer,Salz und Pfeffer,,460,49
Freunden und Familie,Freunden und Familie,,199,84
verschenken,verschenken,,180,39
Food-Magazin,Food-Magazin,,178,39
abonnieren,abonnieren,,178,39
Mini-Abo,Mini-Abo,,178,39
Europas,Europas,,178,39
größtes Food-Magazin,größtes Food-Magazin,,178,39
Europas größtes,Europas größtes,,178,39
Europas größtes Food-Magazin,Europas größtes Food-Magazin,,178,39
Jörg Götte,Jörg Götte,,158,39
Küchenchef Jörg Götte,Küchenchef Jörg Götte,,158,39
Prinz,Prinz,,131,3
Ashley Graham,Ashley Graham,,109,20
möchtest wissen,möchtest wissen,,103,4
feine Streifen,feine Streifen,,142,37
grobe Stücke,grobe Stücke,,114,37
grobe Stücke schneiden,grobe Stücke schneiden,,114,37
Alizé Demange,Alizé Demange,,480,53
Note To Self,Note To Self,,256,53
Behind the Scenes,Behind the Scenes,,256,53
Support und Gemeinschaft,Support und Gemeinschaft,,256,53
Einstieg zu erleichtern,Einstieg zu erleichtern,,256,53
Maschine,Maschine,,209,56
New,New,,205,95
Andre D. Wagner,Andre D. Wagner,,192,95
York,York,,139,95
Hausschuhe,Hausschuhe,,112,27
ProduktvergleichOTTO GutscheineeBay Gutscheinebaur,ProduktvergleichOTTO GutscheineeBay Gutscheinebaur,,327,8
METAL HAMMER Podcast,METAL HAMMER Podcast,,252,41
kurze Haare,kurze Haare,,200,56
Wassermann,Wassermann,,182,94
Gefühl der Welt,Gefühl der Welt,,180,36
HAMMER,HAMMER,,143,41
mitmachen,mitmachen,,137,4
beispielsweise,beispielsweise,,180,60
Fitnessstudio,Fitnessstudio,,128,17
Rücken Schultern,Rücken Schultern,,104,17
Rücken legen,Rücken legen,,104,17
Hanteltraining,Hanteltraining,,104,17
Trainiert Rücken Schultern,Trainiert Rücken Schultern,,104,17
unbedingt ins Fitnessstudio,unbedingt ins Fitnessstudio,,104,17
Rudern Drücken Seitheben,Rudern Drücken Seitheben,,104,17
Primark Cares Skinny,Primark Cares Skinny,,116,27
Hamburg,Hamburg,,480,40
Kontakt,Kontakt,,407,40
E-Mail,E-Mail,,395,40
Tel.,Tel.,,308,40
Klambt-Verlag,Klambt-Verlag,,298,40
KONTAKT,KONTAKT,,298,40
ABO,ABO,,231,40
KONTAKT ABO,KONTAKT ABO,,231,40
Bernd Hellermann,Bernd Hellermann,,178,40
Carina Laudage,Carina Laudage,,178,40
Leitung,Leitung,,178,40
Stv.,Stv.,,178,40
Horst von Buttlar,Horst von Buttlar,,176,40
GmbHAm Baumwall,GmbHAm Baumwall,,176,40
Medien GmbHAm Baumwall,Medien GmbHAm Baumwall,,176,40
Günter Maschke,Günter Maschke,,170,40
21-23,21-23,,150,40
UnsVon Lea,UnsVon Lea,,396,53
Lea EgererUm,Lea EgererUm,,252,53
UnsVon Lea EgererUm,UnsVon Lea EgererUm,,252,53
METAL HAMMER lesen,METAL HAMMER lesen,,356,41
The,The,,327,4
Newsletter,Newsletter,,307,108
The Elder Scrolls,The Elder Scrolls,,256,4
Link,Link,,238,3
Metal,Metal,,215,108
METAL HAMMER-Januarausgabe,METAL HAMMER-Januarausgabe,,195,41
bekommt METAL HAMMER,bekommt METAL HAMMER,,193,41
aktuellen METAL HAMMER-Januarausgabe,aktuellen METAL HAMMER-Januarausgabe,,175,41
aktuellen METAL,aktuellen METAL,,168,41
Axel Springer Mediahouse,Axel Springer Mediahouse,,164,108
Springer Mediahouse Berlin,Springer Mediahouse Berlin,,164,108
aktuelle Ausgabe,aktuelle Ausgabe,,154,41
Name,Name,,152,39
Bestenlisten findet,Bestenlisten findet,,147,41
Sämtliche Bestenlisten,Sämtliche Bestenlisten,,147,41
Sämtliche Bestenlisten findet,Sämtliche Bestenlisten findet,,147,41
Open Air,Open Air,,146,41
Heavy Metal,Heavy Metal,,133,108
Mediahouse Berlin GmbH,Mediahouse Berlin GmbH,,124,108
findet,findet,,117,41
Axel Springer,Axel Springer,,110,108
Springer Mediahouse,Springer Mediahouse,,110,108
Mediahouse Berlin,Mediahouse Berlin,,110,108
Mediahouse,Mediahouse,,103,108
fein reiben,fein reiben,,356,49
las­sen,las­sen,,356,48
evtl,evtl,,356,48
Brokkoli auftauen,Brokkoli auftauen,,356,48
Röschen teilen,Röschen teilen,,356,48
auftauen las­sen,auftauen las­sen,,356,48
las­sen und evtl,las­sen und evtl,,356,48
Brokkoli auftauen las­sen,Brokkoli auftauen las­sen,,356,48
XXXLutz,XXXLutz,,177,31
Metal-Videos der Woche,Metal-Videos der Woche,,103,108
Reinigung,Reinigung,,161,52
Elder Scrolls,Elder Scrolls,,148,4
The Elder,The Elder,,146,4
Appetit,Appetit,,281,49
Baumwolle,Baumwolle,,222,70
BMI,BMI,,178,22
Mass Index Rechner,Mass Index Rechner,,176,22
BMI berechnen,BMI berechnen,,176,22
Körpergewicht,Körpergewicht,,176,22
optimale BMI,optimale BMI,,176,22
eventuell Adipositas,eventuell Adipositas,,176,22
Körpergröße,Körpergröße,,176,22
BMI-Rechner,BMI-Rechner,,176,22
Decke,Decke,,148,80
Mehl Milliliter,Mehl Milliliter,,264,37
Eier Prise,Eier Prise,,176,37
Fenchel,Fenchel,,376,48
Werbung,Werbung,,103,75
Kopfhörer,Kopfhörer,,262,52
Impressum,Impressum,,198,95
Zwiebel Knoblauchzehe,Zwiebel Knoblauchzehe,,180,15
Knoblauchzehe Gramm,Knoblauchzehe Gramm,,179,15
Zwiebel Knoblauchzehe Gramm,Zwiebel Knoblauchzehe Gramm,,176,15
Mengen,Mengen,,136,57
Eau,Eau,,168,75
schönes Geschenk,schönes Geschenk,,115,55
Ströer Digital Media,Ströer Digital Media,,107,40
Balbina,Balbina,,280,25
Gewohnheiten,Gewohnheiten,,216,98
braucht,braucht,,151,80
Auftreten,Auftreten,,147,25
Song trägt Balbina,Song trägt Balbina,,140,25
deutschen Kulturbetrieb eher,deutschen Kulturbetrieb eher,,140,25
Wind,Wind,,102,1
Bereich,Bereich,,177,57
Buttercreme,Buttercreme,,120,42
ausgelegte Form,ausgelegte Form,,120,42
Backpapier ausgelegte,Backpapier ausgelegte,,120,42
Min. backen,Min. backen,,120,42
Springform,Springform,,120,42
Knethaken des Handrührgeräts,Knethaken des Handrührgeräts,,112,42
Händen mind,Händen mind,,104,42
Mehl mit Salz,Mehl mit Salz,,104,42
bemehlter Fläche,bemehlter Fläche,,104,42
Mind,Mind,,104,42
Stunden vorm Servieren,Stunden vorm Servieren,,104,42
Haushaltsprodukte,Haushaltsprodukte,,444,15
Hearst Publishing GmbH,Hearst Publishing GmbH,,196,95
Burda Hearst Publishing,Burda Hearst Publishing,,196,95
Hearst Publishing,Hearst Publishing,,156,95
United States,United States,,100,95
Leyna Bloom,Leyna Bloom,,100,95
METAL HAMMER Dezemberausgabe,METAL HAMMER Dezemberausgabe,,174,39
Elder Scrolls Online,Elder Scrolls Online,,165,4
Angela Merkel,Angela Merkel,,105,3
Verbraucher,Verbraucher,,440,43
Produktvergleich,Produktvergleich,,440,43
Langversion Jahreshoroskop,Langversion Jahreshoroskop,,207,43
aktuellen Gutscheinen,aktuellen Gutscheinen,,440,44
starke Abwehrkräfte,starke Abwehrkräfte,,438,45
Abwehrkräfte,Abwehrkräfte,,221,45
Krankheitserreger,Krankheitserreger,,219,45
Abwehrkräfte Ein starkes,Abwehrkräfte Ein starkes,,219,45
Erreger,Erreger,,219,45
beste Schutz,beste Schutz,,219,45
Krankheitserreger unseren Körper,Krankheitserreger unseren Körper,,219,45
starkes Immunsystem,starkes Immunsystem,,219,45
Aszendenten,Aszendenten,,319,63
Steinbock,Steinbock,,178,94
SCOTCHONME CURRENTLY TRENDING,SCOTCHONME CURRENTLY TRENDING,,434,46
Kosmetik,Kosmetik,,425,75
Wellness,Wellness,,293,75
Beauty Maskne,Beauty Maskne,,208,75
Tipps und Infos,Tipps und Infos,,208,75
Infos zur Haut,Infos zur Haut,,208,75
unseren täglichen Begleitern,unseren täglichen Begleitern,,208,75
Kosmetik und Wellness,Kosmetik und Wellness,,208,75
StartseiteWohlbefindenBeauty Sich wohlfühlen,StartseiteWohlbefindenBeauty Sich wohlfühlen,,206,75
Webseite,Webseite,,200,40
ultimativen Komfort konzipiert,ultimativen Komfort konzipiert,,153,47
ultimativen Komfort,ultimativen Komfort,,109,47
Komfort konzipiert,Komfort konzipiert,,109,47
Fitnessstudio trainierst,Fitnessstudio trainierst,,109,47
Promis,Promis,,265,3
Schminktipps,Schminktipps,,184,75
Beauty Beauty Tipps,Beauty Beauty Tipps,,182,75
angesagten Look,angesagten Look,,182,75
Look oder raffinierte,Look oder raffinierte,,182,75
ebenmäßigen Teint,ebenmäßigen Teint,,182,75
raffinierte Kosmetik,raffinierte Kosmetik,,182,75
Beauty Produkte,Beauty Produkte,,182,75
Beauty Tipps,Beauty Tipps,,182,75
Minuten braten,Minuten braten,,364,48
Bohnen,Bohnen,,351,48
trocken,trocken,,348,48
Filets,Filets,,348,48
salzen,salzen,,348,48
pfeffern,pfeffern,,348,48
Pfanne vom Herd,Pfanne vom Herd,,348,48
garen,garen,,348,48
Packungsanweisung,Packungsanweisung,,348,48
Bohnen auftauen,Bohnen auftauen,,348,48
Bohnen auftauen lassen,Bohnen auftauen lassen,,348,48
Packungsanweisung in Salzwasser,Packungsanweisung in Salzwasser,,348,48
einfach bestellen,einfach bestellen,,178,52
bisherigen books,bisherigen books,,178,52
bestellen und tolle,bestellen und tolle,,178,52
tolle Rezepte,tolle Rezepte,,178,52
Rezepte nachkochen,Rezepte nachkochen,,178,52
tolle Rezepte nachkochen,tolle Rezepte nachkochen,,178,52
Fernsehabend steht,Fernsehabend steht,,176,49
Gemüsechips,Gemüsechips,,176,49
gemütlicher Fernsehabend,gemütlicher Fernsehabend,,176,49
farbenfrohen Inhalt,farbenfrohen Inhalt,,176,49
besonderen Aussehen,besonderen Aussehen,,176,49
sogar Discountern,sogar Discountern,,176,49
anstatt ungesunden Kartoffelchips,anstatt ungesunden Kartoffelchips,,176,49
schlechtes Gewissen.,schlechtes Gewissen.,,176,49
Feinkostläden und sogar,Feinkostläden und sogar,,176,49
gemütlicher Fernsehabend steht,gemütlicher Fernsehabend steht,,176,49
Weizengebäck,Weizengebäck,,146,49
folgenden gesünderen Snacks,folgenden gesünderen Snacks,,146,49
gesünderen Snacks solltest,gesünderen Snacks solltest,,146,49
Fertigkekse,Fertigkekse,,146,49
zuckerreiches Weizengebäck,zuckerreiches Weizengebäck,,146,49
Schokolade oder zuckerreiches,Schokolade oder zuckerreiches,,146,49
Süßes zu stillen,Süßes zu stillen,,146,49
Appetit auf Süßes,Appetit auf Süßes,,146,49
Alterungsprozessen entgegen.Unser Tipp,Alterungsprozessen entgegen.Unser Tipp,,146,48
entgegen.Unser Tipp Kaufen,entgegen.Unser Tipp Kaufen,,146,48
Speisekarte,Speisekarte,,146,48
Café,Café,,146,48
Verdauungsbeschwerden.Unsere Tipps Löwenzahn,Verdauungsbeschwerden.Unsere Tipps Löwenzahn,,146,48
Tipps Löwenzahn schmeckt,Tipps Löwenzahn schmeckt,,146,48
unserem Speiseplan fast,unserem Speiseplan fast,,146,48
Kurkuma-Latte hinuterspülen,Kurkuma-Latte hinuterspülen,,146,48
Chia-Müsli oder Acai-Bowl,Chia-Müsli oder Acai-Bowl,,146,48
Bananen,Bananen,,141,15
Inhalte,Inhalte,,304,40
Condé Nast,Condé Nast,,245,95
QUARTER MEDIA GmbH,QUARTER MEDIA GmbH,,160,40
erhalten wir ggf,erhalten wir ggf,,176,21
ums Thema Gesundheit,ums Thema Gesundheit,,360,57
Krankheiten,Krankheiten,,214,57
Medizin und geben,Medizin und geben,,182,57
wirkungsvolle Tipps,wirkungsvolle Tipps,,182,57
aktuelle News,aktuelle News,,182,57
Tipps gegen Beschwerden,Tipps gegen Beschwerden,,182,57
Gesundheit liegt,Gesundheit liegt,,182,57
passiert im Körper,passiert im Körper,,135,57
Körper Laktose,Körper Laktose,,135,57
Fruktose,Fruktose,,135,57
Laktose,Laktose,,135,57
Milchzucker,Milchzucker,,132,57
Geschenkkarte Geschenkkarte Bleiben,Geschenkkarte Geschenkkarte Bleiben,,414,50
tunZwischensummeGesamtKostenloser VersandDie Geschenkkarten,tunZwischensummeGesamtKostenloser VersandDie Geschenkkarten,,216,50
Geschenk für Familie,Geschenk für Familie,,216,50
Superdrys Auswahl,Superdrys Auswahl,,368,55
handverlesene Auswahl,handverlesene Auswahl,,308,27
Wasserflaschen für Herren,Wasserflaschen für Herren,,302,27
Auswahl an Geschenkartikeln,Auswahl an Geschenkartikeln,,298,51
Winter Essentials Bleiben,Winter Essentials Bleiben,,288,78
breiten Auswahl,breiten Auswahl,,152,1
Shoppe Superdrys Auswahl,Shoppe Superdrys Auswahl,,152,55
wiederverwendbaren Wasserflaschen,wiederverwendbaren Wasserflaschen,,108,27
Herren bietet,Herren bietet,,108,27
Auswahl an stylischen,Auswahl an stylischen,,108,1
stylischen Damenoberteilen,stylischen Damenoberteilen,,108,1
Auswahl an Handschuhen,Auswahl an Handschuhen,,108,55
Shoppe Superdrys,Shoppe Superdrys,,108,55
Fäustlingen für Damen,Fäustlingen für Damen,,108,55
zusammengestellten Auswahl,zusammengestellten Auswahl,,106,51
Superdry inspirieren,Superdry inspirieren,,106,51
fachmännisch zusammengestellten Auswahl,fachmännisch zusammengestellten Auswahl,,106,51
Auswahl an Geschenkideen,Auswahl an Geschenkideen,,106,27
stressfreie Weihnachtszeit,stressfreie Weihnachtszeit,,106,27
Auswahl an Winter-Basics,Auswahl an Winter-Basics,,100,78
Winter-Basics für Damen,Winter-Basics für Damen,,100,78
Prise,Prise,,134,15
Wolf,Wolf,,141,40
Doris,Doris,,129,40
Doris Wolf,Doris Wolf,,129,40
Aszendent,Aszendent,,254,63
Körper Laktoseintoleranz,Körper Laktoseintoleranz,,296,74
Herz-Kreislauf,Herz-Kreislauf,,296,74
Körperfunktionen und Organen,Körperfunktionen und Organen,,296,74
komplexes System,komplexes System,,296,74
StartseiteMedizinKörper,StartseiteMedizinKörper,,293,74
StartseiteMedizinKörper Stoffwechsel,StartseiteMedizinKörper Stoffwechsel,,293,74
Topf Chili con,Topf Chili con,,176,15
Sahne Chili con,Sahne Chili con,,176,15
Knoblauchzehe rote Chili,Knoblauchzehe rote Chili,,176,15
con,con,,176,15
Carne,Carne,,176,15
con Carne,con Carne,,176,15
Chili con,Chili con,,176,15
Hersteller,Hersteller,,271,52
Hersteller Bosch bietet,Hersteller Bosch bietet,,178,52
Bosch MoveOn Mini,Bosch MoveOn Mini,,178,52
Bodenstaubsauger,Bodenstaubsauger,,177,52
Staubsauger anderer Hersteller,Staubsauger anderer Hersteller,,176,52
Beutel,Beutel,,176,52
Bodenstaubsauger Bosch MoveOn,Bodenstaubsauger Bosch MoveOn,,112,52
Leistung,Leistung,,111,52
Nina Gscheider,Nina Gscheider,,130,53
Versicherungsbranche zu arbeiten,Versicherungsbranche zu arbeiten,,130,53
Nina Gscheider Versicherungen,Nina Gscheider Versicherungen,,130,53
Segurio,Segurio,,130,53
EgererMit Segurio,EgererMit Segurio,,128,53
Lea EgererMit,Lea EgererMit,,128,53
Lea EgererMit Segurio,Lea EgererMit Segurio,,128,53
UnsVon Lea EgererMit,UnsVon Lea EgererMit,,128,53
Paare,Paare,,333,61
Menge tolle,Menge tolle,,184,8
Psychologie,Psychologie,,108,63
Test,Test,,100,56
Superdry,Superdry,,283,69
Damen-Sneakern von Superdry,Damen-Sneakern von Superdry,,166,92
Kollektion an Damen-Sneakern,Kollektion an Damen-Sneakern,,152,92
Herrenpullover Bleiben,Herrenpullover Bleiben,,150,92
Damen-Socken Bleiben,Damen-Socken Bleiben,,150,92
Damen Badesandalen Bleiben,Damen Badesandalen Bleiben,,150,92
Damen Sportschuhe Bleiben,Damen Sportschuhe Bleiben,,150,92
Kollektion von Superdry,Kollektion von Superdry,,110,92
Superdry bietet,Superdry bietet,,108,92
August,August,,101,12
Frisuren,Frisuren,,365,56
Partnerhoroskop,Partnerhoroskop,,177,63
Star-Astrologin Roswitha Broszath,Star-Astrologin Roswitha Broszath,,176,63
kalte Jahreszeit,kalte Jahreszeit,,126,7
Nudeln,Nudeln,,162,48
Print Neu eingetroffen,Print Neu eingetroffen,,138,27
ONLY BLUE DENIM,ONLY BLUE DENIM,,382,89
Vielzahl verschiedener Styles,Vielzahl verschiedener Styles,,356,89
coolsten internationalen Modemarken,coolsten internationalen Modemarken,,354,89
internationalen Modemarken betreten,internationalen Modemarken betreten,,354,89
ONLY,ONLY,,346,89
ONLY CARMAKOMA Styles,ONLY CARMAKOMA Styles,,321,89
Modemarken betreten,Modemarken betreten,,284,89
soeben das Online-Universum,soeben das Online-Universum,,234,89
internationalen Modemarken,internationalen Modemarken,,234,89
coolsten internationalen,coolsten internationalen,,214,89
Bestellungen,Bestellungen,,183,107
Modemarken,Modemarken,,140,89
Blasenentzündung,Blasenentzündung,,104,57
Long Bob,Long Bob,,148,21
angesagtesten,angesagtesten,,104,56
Kochen und Backen,Kochen und Backen,,376,54
Rezepte zum Kochen,Rezepte zum Kochen,,364,54
leckere Rezepte,leckere Rezepte,,353,54
Anlass entsprechend,Anlass entsprechend,,182,54
unseren zahlreichen,unseren zahlreichen,,182,54
Finden Sie kostenlose,Finden Sie kostenlose,,182,54
zahlreichen Rezept-Ideen,zahlreichen Rezept-Ideen,,182,54
kostenlose Rezepte,kostenlose Rezepte,,182,54
unseren zahlreichen Rezept-Ideen,unseren zahlreichen Rezept-Ideen,,182,54
Spaß beim Nachkochen,Spaß beim Nachkochen,,179,54
unten leckere,unten leckere,,176,54
genügend Inspiration,genügend Inspiration,,176,54
Backen bekommst,Backen bekommst,,176,54
Rezepte gesammelt,Rezepte gesammelt,,176,54
unten leckere Rezepte,unten leckere Rezepte,,176,54
Inspiration zum Kochen,Inspiration zum Kochen,,176,54
leckere Rezepte gesammelt,leckere Rezepte gesammelt,,176,54
Temperaturen Spaß,Temperaturen Spaß,,152,55
kältesten Temperaturen Spaß,kältesten Temperaturen Spaß,,152,55
Damenhüte Bleiben,Damenhüte Bleiben,,150,55
Fäustlinge für Damen,Fäustlinge für Damen,,150,55
Auswahl an Mützen,Auswahl an Mützen,,108,55
Mützen für Damen,Mützen für Damen,,108,55
kaltes Wetter,kaltes Wetter,,108,55
dicke Haare,dicke Haare,,206,56
kurze,kurze,,180,56
kurze Haare Kurzhaarfrisuren,kurze Haare Kurzhaarfrisuren,,172,56
Tolle,Tolle,,170,56
streng geometrische Ponypartie,streng geometrische Ponypartie,,170,56
Menge neuer,Menge neuer,,102,56
Superdry Studios Recycled-Kollektion,Superdry Studios Recycled-Kollektion,,306,68
Bleiben,Bleiben,,305,69
Damen bieten,Damen bieten,,190,92
Sporthosen für Damen,Sporthosen für Damen,,164,92
Superdry Edition,Superdry Edition,,152,69
Wichtelgeschenke für Damen,Wichtelgeschenke für Damen,,134,92
Strickjacken für Damen,Strickjacken für Damen,,120,92
Angebote im Sale,Angebote im Sale,,120,35
gelungene Kombination,gelungene Kombination,,108,69
wirf einen Blick,wirf einen Blick,,108,69
Strasssteinen,Strasssteinen,,101,15
schönste Gefühl,schönste Gefühl,,181,36
Liebe wissen,Liebe wissen,,178,36
Lösungen für Beziehungsprobleme,Lösungen für Beziehungsprobleme,,178,36
Thema Liebe,Thema Liebe,,178,36
Thema Liebe wissen,Thema Liebe wissen,,178,36
Thema Dating wissen,Thema Dating wissen,,178,36
leckeren Rezeptideen,leckeren Rezeptideen,,311,11
StartseiteErnährungRezepte Was koche,StartseiteErnährungRezepte Was koche,,308,11
Hauptsaison für Pfifferlinge,Hauptsaison für Pfifferlinge,,155,11
VERO MODA,VERO MODA,,358,89
VERO MODA Club,VERO MODA Club,,315,89
Stricken,Stricken,,194,23
Thema Gesundheit,Thema Gesundheit,,196,57
Gesundheitsmagazin,Gesundheitsmagazin,,178,57
Thema Gesundheit weiterhilft,Thema Gesundheit weiterhilft,,178,57
Anzahl an VergleichenGanz,Anzahl an VergleichenGanz,,267,58
Geld sparenUnabhängig,Geld sparenUnabhängig,,267,58
Verbraucher­vergleiche Beliebte Vergleiche,Verbraucher­vergleiche Beliebte Vergleiche,,267,58
VergleichenGanz einfach bares,VergleichenGanz einfach bares,,267,58
einfach bares Geld,einfach bares Geld,,267,58
bares Geld sparenUnabhängig,bares Geld sparenUnabhängig,,267,58
bares Geld sparen,bares Geld sparen,,177,59
myToys,myToys,,177,59
Banken,Banken,,352,60
Konto,Konto,,285,60
Euro Rendite,Euro Rendite,,176,60
Rabatt BELIEBTE KATEGORIEN,Rabatt BELIEBTE KATEGORIEN,,349,89
Kategorie,Kategorie,,211,89
zahlreichen neuen Styles,zahlreichen neuen Styles,,197,89
Seite nicht finden,Seite nicht finden,,197,89
Melde,Melde,,194,91
Angebot gilt,Angebot gilt,,108,89
SALE,SALE,,100,89
min.Eine,min.Eine,,357,9
rauer Weihnachten,rauer Weihnachten,,104,9
PERSONA NON GRATA,PERSONA NON GRATA,,107,39
METAL HAMMER Januarausgabe,METAL HAMMER Januarausgabe,,102,41
Eintöpfe,Eintöpfe,,104,54
Euer kostenloser Kreditvergleich,Euer kostenloser Kreditvergleich,,178,60
Kredit beantragen Kredite,Kredit beantragen Kredite,,176,60
Billig Kredit beispielsweise,Billig Kredit beispielsweise,,176,60
Online Kredit,Online Kredit,,176,60
Zinsen,Zinsen,,176,60
Kredite,Kredite,,176,60
Online Kredit Vergleich,Online Kredit Vergleich,,176,60
Kredit Vergleich,Kredit Vergleich,,176,60
Kredit,Kredit,,176,60
Aktuelle,Aktuelle,,352,10
Vergleiche,Vergleiche,,352,10
Aktuelle Vergleiche,Aktuelle Vergleiche,,352,10
Tageshoroskop Newsletter Horoskop,Tageshoroskop Newsletter Horoskop,,124,10
Empfehlungen,Empfehlungen,,101,4
Mäntel für Damen,Mäntel für Damen,,349,92
Jacken und Mäntel,Jacken und Mäntel,,252,92
Kollektion von Superdy,Kollektion von Superdy,,126,92
Superdy Jacken,Superdy Jacken,,126,92
Hygiene,Hygiene,,247,0
Umwelt,Umwelt,,190,74
Text,Text,,232,39
Heft,Heft,,201,3
Werben auf BRIGITTE.de,Werben auf BRIGITTE.de,,178,3
BRIGITTE Woman Digital,BRIGITTE Woman Digital,,178,3
BRIGITTE Mom Digital,BRIGITTE Mom Digital,,178,3
C-ID Online Einwilligung,C-ID Online Einwilligung,,177,40
BRIGITTE MOM Heft,BRIGITTE MOM Heft,,176,3
Anzeigenschaltungen,Anzeigenschaltungen,,176,3
Anzeigenschaltungen im BRIGITTE,Anzeigenschaltungen im BRIGITTE,,176,3
Preisliste,Preisliste,,176,3
Arzt verrät Einkaufsregeln,Arzt verrät Einkaufsregeln,,158,3
Nutzung,Nutzung,,138,40
StartseiteFamiliePartnerschaft,StartseiteFamiliePartnerschaft,,311,61
Themen Verhütung,Themen Verhütung,,311,61
Rolle der Sex,Rolle der Sex,,311,61
zusammenbleiben und glücklich,zusammenbleiben und glücklich,,311,61
Leben lang zusammenbleiben,Leben lang zusammenbleiben,,311,61
Verhütung und Familienplanung,Verhütung und Familienplanung,,308,61
StartseiteFamiliePartnerschaft und Sexualität,StartseiteFamiliePartnerschaft und Sexualität,,308,61
bringen komplexe Sachverhalte,bringen komplexe Sachverhalte,,303,62
komplexe Sachverhalte verständlich,komplexe Sachverhalte verständlich,,303,62
wichtige Infos,wichtige Infos,,303,62
Infos zu aktuellen,Infos zu aktuellen,,303,62
medizinischen Themen,medizinischen Themen,,303,62
Impfen,Impfen,,303,62
aktuellen medizinischen Themen,aktuellen medizinischen Themen,,303,62
Zecken Herdenimmunität,Zecken Herdenimmunität,,303,62
ums Impfen,ums Impfen,,303,62
StartseiteMedizinMedizinwissen Egal,StartseiteMedizinMedizinwissen Egal,,300,62
Mütze,Mütze,,113,88
eure Haare,eure Haare,,109,21
ultimativen meistverkauften Designs,ultimativen meistverkauften Designs,,332,35
meistverkauften Designs,meistverkauften Designs,,244,35
nächsten Superhits,nächsten Superhits,,244,35
Herrenkollektion Bleiben,Herrenkollektion Bleiben,,164,35
Damenkollektion Bleiben,Damenkollektion Bleiben,,164,35
Sichere dir deinen,Sichere dir deinen,,119,35
Star Hans Sigl,Star Hans Sigl,,178,3
Beauty Coup,Beauty Coup,,221,4
Reihe,Reihe,,179,10
UnsVon Alice,UnsVon Alice,,153,4
The North Face,The North Face,,106,4
International Wedding Photographer,International Wedding Photographer,,100,8
Emma SpecterVon Eva,Emma SpecterVon Eva,,165,38
SpecterVon Eva Blanco,SpecterVon Eva Blanco,,156,38
Hella SchneiderVon Bernd,Hella SchneiderVon Bernd,,102,38
München HRB,München HRB,,187,95
Aszendent berechnen,Aszendent berechnen,,176,63
persönlichste Punkt,persönlichste Punkt,,176,63
Schnittpunkt,Schnittpunkt,,176,63
"östlichen Horizont aufgeht",östlichen Horizont aufgeht,,176,63
Moment der Geburt,Moment der Geburt,,176,63
genaue Schnittpunkt,genaue Schnittpunkt,,176,63
Schnittpunkt von Geburtstag,Schnittpunkt von Geburtstag,,176,63
Rezepte Vegane Rezepte,Rezepte Vegane Rezepte,,318,64
"Überrascht Familie",Überrascht Familie,,156,11
klimafreundlich Weihnachtsplätzchen,klimafreundlich Weihnachtsplätzchen,,156,11
Tassen Kaffee,Tassen Kaffee,,217,65
Kaffeevollautomaten,Kaffeevollautomaten,,178,65
Latte Macchiato,Latte Macchiato,,178,65
Kaffeevollautomat,Kaffeevollautomat,,178,65
Macchiato,Macchiato,,176,65
Vergleich Kaffeevollautomat Vergleich,Vergleich Kaffeevollautomat Vergleich,,176,65
Latte Macchiato Glas,Latte Macchiato Glas,,176,65
Latte,Latte,,176,65
Kaffeevollautomat Test,Kaffeevollautomat Test,,176,65
natürliche,natürliche,,226,66
natürliche Verhütungsmethode,natürliche Verhütungsmethode,,225,66
Hormone und Hilfsmittel,Hormone und Hilfsmittel,,219,66
natürlichen Verhütungsmethoden gelten,natürlichen Verhütungsmethoden gelten,,219,66
Verhütungsmethoden,Verhütungsmethoden,,219,66
Verhütungsmethoden beobachten Frauen,Verhütungsmethoden beobachten Frauen,,219,66
Verhütung,Verhütung,,219,66
setzen stattdessen,setzen stattdessen,,219,66
StartseiteFamiliePartnerschaft und SexualitätNatürliche,StartseiteFamiliePartnerschaft und SexualitätNatürliche,,219,66
Editvon Miriam,Editvon Miriam,,129,60
Anmeldung VOGUE Newsletter,Anmeldung VOGUE Newsletter,,271,108
wissen solltest Egal,wissen solltest Egal,,178,3
Hollywood Stars,Hollywood Stars,,177,3
Social Media Kanälen,Social Media Kanälen,,177,3
Musikstars und Filmstars,Musikstars und Filmstars,,177,3
per E-Mail erhalten,per E-Mail erhalten,,306,67
Damenmode mit Raffinesse,Damenmode mit Raffinesse,,231,67
TAILOR E-Commerce GmbH,TAILOR E-Commerce GmbH,,231,67
TOM TAILOR E-Commerce,TOM TAILOR E-Commerce,,231,67
News über Mode,News über Mode,,225,67
Gewinnspiele und Sonderaktionen,Gewinnspiele und Sonderaktionen,,225,67
GmbH per E-Mail,GmbH per E-Mail,,219,67
zuvor eingegebenen personenbezogenen,zuvor eingegebenen personenbezogenen,,213,67
eingegebenen personenbezogenen Daten,eingegebenen personenbezogenen Daten,,189,67
Deinen nächsten Einkauf.,Deinen nächsten Einkauf.,,160,67
nächsten Einkauf.,nächsten Einkauf.,,133,67
RECYCELT Bleiben,RECYCELT Bleiben,,304,68
Superdry Studios,Superdry Studios,,304,68
recycelten Materialien hergestellt,recycelten Materialien hergestellt,,304,68
recycelten Materialien,recycelten Materialien,,216,68
Fäden über Stoffe,Fäden über Stoffe,,216,68
Vintage Bleiben,Vintage Bleiben,,300,35
Superdry Studios Bleiben,Superdry Studios Bleiben,,300,35
DAMEN LEGGINGS Bleiben,DAMEN LEGGINGS Bleiben,,152,35
Code für Herren,Code für Herren,,150,35
Superdry X Bleiben,Superdry X Bleiben,,150,35
Code für Damen,Code für Damen,,150,35
Outlet Jacken Bleiben,Outlet Jacken Bleiben,,140,35
Outlet T-Shirts Bleiben,Outlet T-Shirts Bleiben,,140,35
Outlet Sport Bleiben,Outlet Sport Bleiben,,140,35
VersandGlobal icon Neymar,VersandGlobal icon Neymar,,106,35
Outlet Strickwaren Bleiben,Outlet Strickwaren Bleiben,,106,35
Frische deine Garderobe,Frische deine Garderobe,,208,69
Bauer Xcel Media,Bauer Xcel Media,,222,40
Xcel Media Deutschland,Xcel Media Deutschland,,222,40
Xcel Media,Xcel Media,,148,40
Datenschutz,Datenschutz,,137,40
Ziffer,Ziffer,,124,40
Einwilligung,Einwilligung,,124,40
Daten gem,Daten gem,,124,40
Bauer Media Group,Bauer Media Group,,101,40
Positive Change Award,Positive Change Award,,304,70
Millionen Superdry Sweatshirts,Millionen Superdry Sweatshirts,,216,70
positives ökologisches Vermächtnis,positives ökologisches Vermächtnis,,216,70
Drapers Positive Change,Drapers Positive Change,,216,70
Sweatshirts für Damen,Sweatshirts für Damen,,303,27
Sweatshirts,Sweatshirts,,176,27
Füge deiner Kollektion,Füge deiner Kollektion,,109,27
Bestandteil jeder Kaltwetter-Garderobe,Bestandteil jeder Kaltwetter-Garderobe,,109,27
Styles für Herren,Styles für Herren,,302,35
nächste Saison,nächste Saison,,108,35
Saison mit unseren,Saison mit unseren,,108,35
unseren neuen Styles,unseren neuen Styles,,108,35
Kollektion für Damen,Kollektion für Damen,,302,93
Damen von Superdry,Damen von Superdry,,252,93
kreieren hochwertige Damen-Sportbekleidung,kreieren hochwertige Damen-Sportbekleidung,,160,93
Trainings,Trainings,,152,93
Sportbekleidung für Damen,Sportbekleidung für Damen,,128,93
Superdry wurde entwickelt,Superdry wurde entwickelt,,128,93
Horror Vacui Sweatshirt,Horror Vacui Sweatshirt,,300,71
Modelabel Horror Vacui,Modelabel Horror Vacui,,150,71
VOGUE Collection Sweatshirts,VOGUE Collection Sweatshirts,,150,71
Anna Heinrichs,Anna Heinrichs,,150,71
Horror Vacui,Horror Vacui,,150,71
Vacui Sweatshirt,Vacui Sweatshirt,,138,71
Horror,Horror,,137,71
Kleidung für Herren,Kleidung für Herren,,300,72
nächstes Personal Best,nächstes Personal Best,,160,72
Sportbekleidungskollektion für Herren,Sportbekleidungskollektion für Herren,,144,72
Herren von Superdry,Herren von Superdry,,144,72
Superdry sorgt,Superdry sorgt,,128,72
Nackenverspannungen Folge,Nackenverspannungen Folge,,267,73
Nacken,Nacken,,267,73
Nacken brennt,Nacken brennt,,267,73
sticht und zieht,sticht und zieht,,267,73
schnell zu spüren,schnell zu spüren,,267,73
konzentriert am Schreibtisch,konzentriert am Schreibtisch,,267,73
Schmerzen schnell,Schmerzen schnell,,267,73
Schreibtisch arbeitet,Schreibtisch arbeitet,,267,73
Nackenverspannungen und Schmerzen,Nackenverspannungen und Schmerzen,,264,73
"Übungen die helfen",Übungen die helfen,,264,73
Wasserflasche zur Hand,Wasserflasche zur Hand,,152,17
Lebensmitteln,Lebensmitteln,,190,74
Klima,Klima,,184,74
nachhaltig essen bedeutet,nachhaltig essen bedeutet,,178,74
Lebensmitteln umgehen,Lebensmitteln umgehen,,178,74
StartseiteErnährungNachhaltig genießen,StartseiteErnährungNachhaltig genießen,,176,74
Nachhaltig genießen Lebensmittelvorräte,Nachhaltig genießen Lebensmittelvorräte,,104,74
StartseiteErnährungNachhaltig,StartseiteErnährungNachhaltig,,102,74
umgehen,umgehen,,102,74
nötig in kleinere,nötig in kleinere,,154,48
bissfest garen,bissfest garen,,154,48
kleinere Stücke,kleinere Stücke,,154,48
Stücke brechen,Stücke brechen,,154,48
kleinere Stücke brechen,kleinere Stücke brechen,,154,48
Salzwasser bissfest garen,Salzwasser bissfest garen,,154,48
Beziehung und Schwangerschaft,Beziehung und Schwangerschaft,,208,9
Toilette Pour Homme,Toilette Pour Homme,,153,75
Toilette Pour,Toilette Pour,,141,75
Pour Homme,Pour Homme,,140,75
Pünktchenmuster Neu eingetroffen,Pünktchenmuster Neu eingetroffen,,139,27
Cheese Tea,Cheese Tea,,292,76
Getränk,Getränk,,160,76
Tea,Tea,,147,76
Cheese,Cheese,,146,76
Bubble Tea,Bubble Tea,,146,76
WAAAS,WAAAS,,146,76
Herrenstiefel Bleiben,Herrenstiefel Bleiben,,150,63
Wolfe,Wolfe,,107,99
Nutzungsbedingungen,Nutzungsbedingungen,,183,108
wichtigen Nährstoffen,wichtigen Nährstoffen,,288,77
Krankheiten wie Diabetes,Krankheiten wie Diabetes,,286,77
zudem seltener Gewichtsprobleme,zudem seltener Gewichtsprobleme,,284,77
versorgt seinen Körper,versorgt seinen Körper,,284,77
sorgt für Power,sorgt für Power,,284,77
stärkt das Immunsystem,stärkt das Immunsystem,,284,77
Risiko für Krankheiten,Risiko für Krankheiten,,284,77
gesund ernährt,gesund ernährt,,284,77
Gesund essen Kürbis,Gesund essen Kürbis,,284,77
StartseiteErnährungGesund essen,StartseiteErnährungGesund essen,,280,77
Winter-Basics für Herren,Winter-Basics für Herren,,144,78
handverlesene Kollektion,handverlesene Kollektion,,100,78
Kollektion an Winter-Basics,Kollektion an Winter-Basics,,100,78
Herren enthält,Herren enthält,,100,78
Accessoires fehlen,Accessoires fehlen,,152,3
Herren-Accessoires Bleiben,Herren-Accessoires Bleiben,,150,3
Damen Accessoires Bleiben,Damen Accessoires Bleiben,,150,3
Kollektion von Accessoires,Kollektion von Accessoires,,108,3
Damenmäntel von Superdry,Damenmäntel von Superdry,,153,69
Superdry Ski,Superdry Ski,,152,129
Snowboardbekleidung für Damen,Snowboardbekleidung für Damen,,152,93
Paar Damenschuhen,Paar Damenschuhen,,152,133
Damenschuhen von Superdry,Damenschuhen von Superdry,,152,133
Verbindung Ihre Privatsphäre,Verbindung Ihre Privatsphäre,,152,124
Badeshorts für Herren,Badeshorts für Herren,,150,69
Herrenhüte Bleiben,Herrenhüte Bleiben,,150,69
Damenmäntel Bleiben,Damenmäntel Bleiben,,150,69
passt,passt,,116,80
langen Damenmäntel,langen Damenmäntel,,109,69
Superdry zeigen,Superdry zeigen,,109,69
Superdry ist sowohl,Superdry ist sowohl,,108,93
Kollektion an Ski,Kollektion an Ski,,108,93
Vervollständige deine Winteroutfits,Vervollständige deine Winteroutfits,,108,133
Stiefelette,Stiefelette,,108,80
vielseitige Designs,vielseitige Designs,,108,80
veganen Sneaker,veganen Sneaker,,108,92
Superdry fühlst,Superdry fühlst,,108,92
langen,langen,,106,69
warmem Wetter,warmem Wetter,,102,69
easy,easy,,282,79
easy per e-Mail,easy per e-Mail,,280,79
News und Trends,News und Trends,,280,79
MenüNoch,MenüNoch,,277,79
e-Mail,e-Mail,,277,79
easy per,easy per,,277,79
per e-Mail,per e-Mail,,277,79
MenüNoch mehr News,MenüNoch mehr News,,277,79
Weihnachten Neu eingetroffen,Weihnachten Neu eingetroffen,,164,27
Kette Neu eingetroffen,Kette Neu eingetroffen,,146,27
Holz Neu eingetroffen,Holz Neu eingetroffen,,118,27
fällt,fällt,,147,80
Lifestyle,Lifestyle,,169,56
Pancakes,Pancakes,,277,81
Beeren,Beeren,,270,81
Video American Pancakes,Video American Pancakes,,264,81
frischen,frischen,,264,81
teilenSchwierigkeiteinfach Eier,teilenSchwierigkeiteinfach Eier,,264,81
Ahornsirup,Ahornsirup,,264,81
Schuss Ahornsirup,Schuss Ahornsirup,,264,81
Inhalt teilenSchwierigkeiteinfach Eier,Inhalt teilenSchwierigkeiteinfach Eier,,264,81
Versand Zeig,Versand Zeig,,276,82
tunZwischensummeGesamtKostenloser Versand Zeig,tunZwischensummeGesamtKostenloser Versand Zeig,,276,82
SALE FÜR HERREN,SALE FÜR HERREN,,106,82
SALE FÜR DAMEN,SALE FÜR DAMEN,,106,82
dran am Hype,dran am Hype,,100,76
Tipps New Work,Tipps New Work,,272,83
Metz-KleineVOGUE Businessvon Hella,Metz-KleineVOGUE Businessvon Hella,,194,83
Workvon Alicia Metz-KleineVOGUE,Workvon Alicia Metz-KleineVOGUE,,194,83
Businessvon Alicia Metz-KleineVOGUE,Businessvon Alicia Metz-KleineVOGUE,,194,83
Metz-KleineVOGUE Businessvon Alicia,Metz-KleineVOGUE Businessvon Alicia,,194,83
Tagesvon Miriam NehringStyling-Tipps,Tagesvon Miriam NehringStyling-Tipps,,194,83
Alicia Metz-KleineVOGUE Businessvon,Alicia Metz-KleineVOGUE Businessvon,,194,83
Maria HunstigVOGUE Businessvon,Maria HunstigVOGUE Businessvon,,173,83
Businessvon Maria HunstigVOGUE,Businessvon Maria HunstigVOGUE,,125,83
Hella Schneidervon Maria,Hella Schneidervon Maria,,117,83
Businessvon Hella Schneidervon,Businessvon Hella Schneidervon,,108,83
Status Quo nachhaltigen,Status Quo nachhaltigen,,113,28
DIY,DIY,,186,84
Zuhause verschönern,Zuhause verschönern,,182,84
Kreativität ausleben,Kreativität ausleben,,182,84
Deko-Tipps und Bastelanleitungen,Deko-Tipps und Bastelanleitungen,,182,84
Familie eine Freude,Familie eine Freude,,182,84
liegt voll,liegt voll,,182,84
DIY liegt,DIY liegt,,182,84
DIY liegt voll,DIY liegt voll,,182,84
UnsVon Miriam NehringWenn,UnsVon Miriam NehringWenn,,268,85
VOGUE Collection VOGUE,VOGUE Collection VOGUE,,200,85
VOGUE Sweatshirt Powder,VOGUE Sweatshirt Powder,,196,85
VOGUE Sweatshirt Lavender,VOGUE Sweatshirt Lavender,,196,85
VOGUE T-Shirt Ivory,VOGUE T-Shirt Ivory,,196,85
VOGUE Collection Designs,VOGUE Collection Designs,,196,85
VOGUE Sweatshirt,VOGUE Sweatshirt,,196,85
VOGUE Sweatshirt Ivory,VOGUE Sweatshirt Ivory,,196,85
Wichtelgeschenke für Herren,Wichtelgeschenke für Herren,,268,86
Umweltfreundliche Geschenke,Umweltfreundliche Geschenke,,268,87
Geschenkesaison nachhaltige Optionen,Geschenkesaison nachhaltige Optionen,,134,87
Weihnachtszeit nachhaltige Optionen,Weihnachtszeit nachhaltige Optionen,,134,87
Reißverschluss für Babys,Reißverschluss für Babys,,122,27
kompakten Vergleichen,kompakten Vergleichen,,265,58
Ergebnisse in Form,Ergebnisse in Form,,265,58
DetailGründliche RechercheWir recherchieren,DetailGründliche RechercheWir recherchieren,,265,58
aus.Perfekte ErgebnisseWir präsentieren,aus.Perfekte ErgebnisseWir präsentieren,,265,58
Thema möglichst gründlich,Thema möglichst gründlich,,265,58
Tragen,Tragen,,266,52
Week Trends,Week Trends,,178,52
Mode tragen,Mode tragen,,178,52
Accessoires oder Schuhe,Accessoires oder Schuhe,,178,52
Fashion Week Trends,Fashion Week Trends,,178,52
Updates im Überblick,Updates im Überblick,,178,52
Schießt die bunten,Schießt die bunten,,218,88
gleichfarbigen Bubbles,gleichfarbigen Bubbles,,176,88
Bubbles zusammenzubringen,Bubbles zusammenzubringen,,176,88
Bubble klicken,Bubble klicken,,176,88
gleichfarbige Bubbles zusammenzubringen,gleichfarbige Bubbles zusammenzubringen,,176,88
unteren Spielfeldrand,unteren Spielfeldrand,,176,88
unteren Bubble,unteren Bubble,,176,88
Bri Bubble,Bri Bubble,,176,88
Bubbles verschwinden,Bubbles verschwinden,,176,88
Bubble,Bubble,,176,88
Social Media Editor,Social Media Editor,,196,95
Ausgaben,Ausgaben,,183,107
Fake News,Fake News,,115,9
Webseite eintreffen,Webseite eintreffen,,125,89
PEINLICH,PEINLICH,,123,89
erhalte tolle Angebote,erhalte tolle Angebote,,123,89
Trends von ONLY,Trends von ONLY,,123,89
Webseite online stellen.Melde,Webseite online stellen.Melde,,123,89
Fotografin Anaïs Horn,Fotografin Anaïs Horn,,256,90
gebürtige Grazerin Fotografie,gebürtige Grazerin Fotografie,,128,90
lebende Fotografin,lebende Fotografin,,128,90
diversen Festivals,diversen Festivals,,128,90
Festivals ausgezeichnet,Festivals ausgezeichnet,,128,90
Fotografin Anaïs,Fotografin Anaïs,,128,90
Anaïs Horn,Anaïs Horn,,128,90
Paris lebende Fotografin,Paris lebende Fotografin,,128,90
diversen Festivals ausgezeichnet,diversen Festivals ausgezeichnet,,128,90
lebende Fotografin Anaïs,lebende Fotografin Anaïs,,128,90
Gefrierbeutel,Gefrierbeutel,,104,42
Gefrierbeutel geben,Gefrierbeutel geben,,104,42
zuhalten und Kekse,zuhalten und Kekse,,104,42
grob zerstoßen,grob zerstoßen,,104,42
mithilfe eines Nudelholzes,mithilfe eines Nudelholzes,,104,42
Nudelholzes grob,Nudelholzes grob,,104,42
Kekse mithilfe,Kekse mithilfe,,104,42
Nudelholzes grob zerstoßen,Nudelholzes grob zerstoßen,,104,42
aktuellsten News,aktuellsten News,,254,91
Jolie-Newsletter,Jolie-Newsletter,,178,91
News zu Trend-Frisuren,News zu Trend-Frisuren,,178,91
Jolie Newsletter Anmeldung,Jolie Newsletter Anmeldung,,178,91
Versenden unserer Newsletter,Versenden unserer Newsletter,,177,91
Sorgfalt und Respekt,Sorgfalt und Respekt,,177,91
Rabatt-Codes und Gewinnspielen.OK,Rabatt-Codes und Gewinnspielen.OK,,177,91
Mailchimp,Mailchimp,,177,91
richtigen Adresse,richtigen Adresse,,153,91
Secure Online Shopping,Secure Online Shopping,,126,16
Frontlader,Frontlader,,178,56
Wäsche pro,Wäsche pro,,176,56
Vergleich Waschmaschine Vergleich,Vergleich Waschmaschine Vergleich,,176,56
pro Waschgang,pro Waschgang,,176,56
Maschine pro Waschgang,Maschine pro Waschgang,,176,56
eure Wäsche,eure Wäsche,,176,56
Wäsche pro Waschgang,Wäsche pro Waschgang,,176,56
Winter Essentials,Winter Essentials,,175,92
Mäntel Sortimenten,Mäntel Sortimenten,,175,92
Mäntel für Herren,Mäntel für Herren,,172,92
Snowboardkollektion für Damen,Snowboardkollektion für Damen,,150,93
Maximum Metal,Maximum Metal,,142,41
Minuten Kochzeit,Minuten Kochzeit,,100,15
Schale abziehen,Schale abziehen,,100,15
Minuten köcheln,Minuten köcheln,,100,15
Fleisch abbrausen,Fleisch abbrausen,,100,15
Stück Schale,Stück Schale,,100,15
Stück Schale abziehen,Stück Schale abziehen,,100,15
Zwillinge,Zwillinge,,178,94
"Überraschungen bereithält",Überraschungen bereithält,,176,94
Stier oder Zwillinge,Stier oder Zwillinge,,176,94
Tageshoroskop Tageshoroskop Tageshoroskop,Tageshoroskop Tageshoroskop Tageshoroskop,,176,94
Pyjamaset Neu eingetroffen,Pyjamaset Neu eingetroffen,,128,27
Reißverschluss Neu eingetroffen,Reißverschluss Neu eingetroffen,,127,27
Tragegriff Neu eingetroffen,Tragegriff Neu eingetroffen,,112,27
Husten oder Niesen,Husten oder Niesen,,209,0
Hygiene Die richtige,Hygiene Die richtige,,209,0
ausreichender Hygiene,ausreichender Hygiene,,209,0
Hygiene schmal,Hygiene schmal,,209,0
anstecken möchten,anstecken möchten,,209,0
ausreichender Hygiene schmal,ausreichender Hygiene schmal,,209,0
richtige Hygiene,richtige Hygiene,,209,0
Hygiene schützt,Hygiene schützt,,209,0
Mitmenschen vor Krankheiten,Mitmenschen vor Krankheiten,,209,0
richtige Hygiene schützt,richtige Hygiene schützt,,209,0
Herren-Socken Bleiben,Herren-Socken Bleiben,,150,23
Senior Beauty Editor,Senior Beauty Editor,,135,95
Nast Germany,Nast Germany,,100,95
Häkeln,Häkeln,,184,8
tolle Strickmuster,tolle Strickmuster,,182,8
Video-Tutorials zum Nachstricken,Video-Tutorials zum Nachstricken,,182,8
Häkelanleitungen zum Herunterladen,Häkelanleitungen zum Herunterladen,,182,8
kostenlose Strick,kostenlose Strick,,182,8
Strickmuster als Inspiration,Strickmuster als Inspiration,,182,8
ums Thema Stricken,ums Thema Stricken,,182,8
Menge tolle Strickmuster,Menge tolle Strickmuster,,182,8
Stricken und Häkeln,Stricken und Häkeln,,182,8
Artikel-Überschrift Überschrift Spitzmarke,Artikel-Überschrift Überschrift Spitzmarke,,242,39
puffy Logo-Print VOGUE,puffy Logo-Print VOGUE,,242,21
Halskette,Halskette,,145,15
Creolen,Creolen,,139,15
Glas Neu eingetroffen,Glas Neu eingetroffen,,123,27
Nachhaltige Mode,Nachhaltige Mode,,101,4
Haute Couture Frühjahr,Haute Couture Frühjahr,,228,96
KollektionHaute Couture Frühjahr,KollektionHaute Couture Frühjahr,,101,96
Gabbana Alta Moda,Gabbana Alta Moda,,101,96
CoutureHaute CoutureHaute Couture,CoutureHaute CoutureHaute Couture,,100,96
CoutureHaute CoutureHaute CoutureHaute,CoutureHaute CoutureHaute CoutureHaute,,100,96
"Ängste",Ängste,,183,40
Welt der Beauty,Welt der Beauty,,221,97
glänzende Kunstnägel,glänzende Kunstnägel,,193,9
Social Distancing,Social Distancing,,203,98
Kinder lieben Gewohnheiten,Kinder lieben Gewohnheiten,,198,98
gemeinsame Mittagessen,gemeinsame Mittagessen,,198,98
Kita,Kita,,198,98
Corona und Social,Corona und Social,,198,98
Rituale,Rituale,,198,98
Social Distancing schmerzlich,Social Distancing schmerzlich,,198,98
StartseiteFamilieFamilienlebenFünf Gründe,StartseiteFamilieFamilienlebenFünf Gründe,,198,98
Distancing schmerzlich vermissen,Distancing schmerzlich vermissen,,195,98
Herren Flip-Flops Bleiben,Herren Flip-Flops Bleiben,,150,24
Whitney Wolfe Herd,Whitney Wolfe Herd,,216,99
Wolfe Herd kennt,Wolfe Herd kennt,,108,99
Whitney Wolfe,Whitney Wolfe,,108,99
Frau Wolfe Herd,Frau Wolfe Herd,,108,99
Wolfe Herd,Wolfe Herd,,108,99
Herd,Herd,,107,99
Damen Flip-Flops Bleiben,Damen Flip-Flops Bleiben,,150,2
ABONNEMENT Gestorbene Helden,ABONNEMENT Gestorbene Helden,,158,108
Death Metal,Death Metal,,128,108
Festival METAL HAMMER,Festival METAL HAMMER,,110,108
HIMMEL HOCHvon Alexandra,HIMMEL HOCHvon Alexandra,,210,100
HoroskopeHoroskopeHoroskopeHoroskopeHoroskopeHoroskopeHoroskopeHoroskopeHoroskopeHoroskopeHoroskopeHoroskopeZukunft erfahrenvon VogueAstrologievon,HoroskopeHoroskopeHoroskopeHoroskopeHoroskopeHoroskopeHoroskopeHoroskopeHoroskopeHoroskopeHoroskopeHoroskopeZukunft erfahrenvon VogueAstrologievon,,144,100
HOCHvon Alexandra KruseAstrologievon,HOCHvon Alexandra KruseAstrologievon,,135,100
Kirsten Hanser,Kirsten Hanser,,129,100
erfahrenvon VogueAstrologievon Kirsten,erfahrenvon VogueAstrologievon Kirsten,,123,100
HIMMEL HOCHvon,HIMMEL HOCHvon,,123,100
HOCHvon Alexandra,HOCHvon Alexandra,,105,100
Vergleichs,Vergleichs,,176,78
Verbraucherportal,Verbraucherportal,,176,78
Sporthosen für Herren,Sporthosen für Herren,,150,69
Röcke Bleiben,Röcke Bleiben,,150,69
Erde,Erde,,179,12
Alternative zur Psychotherapie,Alternative zur Psychotherapie,,136,40
Bestimmte Übungen,Bestimmte Übungen,,136,40
StartseiteWohlbefindenFitnessÄngste überwinden,StartseiteWohlbefindenFitnessÄngste überwinden,,136,40
Angstlöser,Angstlöser,,136,40
bestimmte Ängste überwinden,bestimmte Ängste überwinden,,136,40
Yoga Bestimmte Übungen,Yoga Bestimmte Übungen,,136,40
Angststörungen,Angststörungen,,136,40
"Ängste überwinden",Ängste überwinden,,136,40
Höhle der Löwen,Höhle der Löwen,,202,7
unsichtbare Arbeit stresst,unsichtbare Arbeit stresst,,180,101
Menge Mental Load,Menge Mental Load,,180,101
Thema Mental Load,Thema Mental Load,,180,101
Bloggerin Patricia Cammarata,Bloggerin Patricia Cammarata,,180,101
Begriff Mental Load,Begriff Mental Load,,180,101
Mental,Mental,,180,101
Load,Load,,180,101
Patricia Cammarata,Patricia Cammarata,,180,101
Arbeit stresst Mental,Arbeit stresst Mental,,177,101
stresst Mental Load,stresst Mental Load,,177,101
Norden Deutschlands Weite,Norden Deutschlands Weite,,199,102
InselCaravan deluxe,InselCaravan deluxe,,183,102
griechische InselCaravan deluxe,griechische InselCaravan deluxe,,183,102
Urlaubs-Adressen der Stadt,Urlaubs-Adressen der Stadt,,146,102
Reise wertSantorini,Reise wertSantorini,,146,102
griechische InselCaravan,griechische InselCaravan,,129,102
Portugals so beliebt,Portugals so beliebt,,107,102
kannTrend-Reiseziel Comporta,kannTrend-Reiseziel Comporta,,107,102
Gegend Portugals,Gegend Portugals,,107,102
Wieso diese Gegend,Wieso diese Gegend,,107,102
mieten kannTrend-Reiseziel Comporta,mieten kannTrend-Reiseziel Comporta,,107,102
schickte René Scheibenbauer,schickte René Scheibenbauer,,194,103
Kollektiv Mode entwickelt,Kollektiv Mode entwickelt,,194,103
Künstlerin Anya Gorkova,Künstlerin Anya Gorkova,,194,103
Emotional Dressing,Emotional Dressing,,194,103
René Scheibenbauer kennen,René Scheibenbauer kennen,,194,103
London lebenden Designer,London lebenden Designer,,194,103
René Scheibenbauer,René Scheibenbauer,,194,103
Herrenhandschuhe Bleiben,Herrenhandschuhe Bleiben,,150,7
Herrenschals Bleiben,Herrenschals Bleiben,,150,27
Fashion Week New,Fashion Week New,,196,95
Euer kostenloser Gaspreisvergleich,Euer kostenloser Gaspreisvergleich,,176,104
Preisvergleich,Preisvergleich,,176,104
Gas Vergleich sogar,Gas Vergleich sogar,,176,104
Gasanbieter,Gasanbieter,,176,104
Gaspreise zu vergleichen,Gaspreise zu vergleichen,,176,104
Gaspreise,Gaspreise,,176,104
Gaspreis Vergleich,Gaspreis Vergleich,,176,104
Gaspreis Vergleich versus,Gaspreis Vergleich versus,,176,104
Gas Preisvergleich,Gas Preisvergleich,,176,104
Kosmetika einschließlich Make-up,Kosmetika einschließlich Make-up,,153,9
khakifarbene gewebte Masken,khakifarbene gewebte Masken,,153,9
Leaping Bunny Zertifizierung,Leaping Bunny Zertifizierung,,153,9
Dazzle Holographic Glitter,Dazzle Holographic Glitter,,149,9
Angle Negative Space,Angle Negative Space,,149,9
Rosa-weiße gewebte Masken,Rosa-weiße gewebte Masken,,149,9
Silikon,Silikon,,105,52
Almzeit Obazda Original,Almzeit Obazda Original,,108,1
Aenne Burda,Aenne Burda,,108,1
Almzeit Obazda,Almzeit Obazda,,108,1
and,and,,159,124
Goldfarbene,Goldfarbene,,187,15
Goldfarbene Halskette,Goldfarbene Halskette,,139,15
Vergoldete Halskette,Vergoldete Halskette,,125,15
Goldfarbene Creolen,Goldfarbene Creolen,,124,15
Haushalt Haushalt,Haushalt Haushalt,,178,105
Markenhersteller beinhalten,Markenhersteller beinhalten,,178,105
elektronische Produkte,elektronische Produkte,,178,105
Produkte zum Einsatz,Produkte zum Einsatz,,178,105
klassischen deutschen,klassischen deutschen,,178,105
deutschen Haushalten,deutschen Haushalten,,178,105
Regel viele elektronische,Regel viele elektronische,,178,105
Wohnung erleichtern,Wohnung erleichtern,,178,105
Reinigen der Wohnung,Reinigen der Wohnung,,178,105
klassischen deutschen Haushalten,klassischen deutschen Haushalten,,178,105
Low Carb,Low Carb,,127,12
Welt der Stars,Welt der Stars,,184,106
Ratgeber,Ratgeber,,183,106
Kultur,Kultur,,182,106
Reiseziele,Reiseziele,,182,106
ums Thema Lifestyle,ums Thema Lifestyle,,182,106
Lifestyle schöner,Lifestyle schöner,,182,106
Stars sowie nützliche,Stars sowie nützliche,,182,106
nützliche Ratgeber,nützliche Ratgeber,,182,106
Kultur und Reiseziele,Kultur und Reiseziele,,182,106
Bestellungen und Kundenservice,Bestellungen und Kundenservice,,178,107
"älterer Ausgaben",älterer Ausgaben,,178,107
Mediadaten,Mediadaten,,178,107
Bestellungen älterer,Bestellungen älterer,,176,107
Themen Website,Themen Website,,176,107
Website sowie Feedback,Website sowie Feedback,,176,107
Online-KundenserviceAnzeigen und Mediadaten,Online-KundenserviceAnzeigen und Mediadaten,,176,107
Bestellungen älterer Ausgaben,Bestellungen älterer Ausgaben,,176,107
Kontakt Kontakt Bitte,Kontakt Kontakt Bitte,,144,107
Plattform,Plattform,,180,108
Nutzungsbedingungen gelten,Nutzungsbedingungen gelten,,178,108
Betreiber behält,Betreiber behält,,178,108
Betreiber,Betreiber,,178,108
Betreiber haftet,Betreiber haftet,,176,108
Registrierung,Registrierung,,176,108
Betreibers,Betreibers,,176,108
Nutzers,Nutzers,,176,108
AGB Allgemeines Gewinnspiele,AGB Allgemeines Gewinnspiele,,158,108
Newsletter-Anmeldung fuersie.de Newsletter-Anmeldung,Newsletter-Anmeldung fuersie.de Newsletter-Anmeldung,,182,109
News und Trendthemen,News und Trendthemen,,182,109
heißesten Infos,heißesten Infos,,182,109
Wohnen erfahren,Wohnen erfahren,,182,109
Reisen und Wohnen,Reisen und Wohnen,,182,109
Style Verlag,Style Verlag,,181,109
Klambt Style,Klambt Style,,181,109
Style Verlag GmbH,Style Verlag GmbH,,181,109
Klambt Style Verlag,Klambt Style Verlag,,181,109
Fotografinnen Lottermann,Fotografinnen Lottermann,,182,110
herbstliches Farbupdate gekommen,herbstliches Farbupdate gekommen,,182,110
Frankfurter Fotografinnen-Duo Nada,Frankfurter Fotografinnen-Duo Nada,,180,110
Fotografinnen-Duo Nada Lotterman,Fotografinnen-Duo Nada Lotterman,,180,110
DJ-Partnerinnen Alyssa Cordes,DJ-Partnerinnen Alyssa Cordes,,180,110
Vogue.deDie Fotografinnen,Vogue.deDie Fotografinnen,,180,110
herbstliches Farbupdate,herbstliches Farbupdate,,180,110
Farbupdate gekommen,Farbupdate gekommen,,180,110
UnsVon Vogue.deDie Fotografinnen,UnsVon Vogue.deDie Fotografinnen,,180,110
Vogue.deDie Fotografinnen Lottermann,Vogue.deDie Fotografinnen Lottermann,,180,110
"Übersicht der Themen",Übersicht der Themen,,180,111
Elemente,Elemente,,176,12
Grill,Grill,,179,8
Eis.de,Eis.de,,178,112
Galeria,Galeria,,178,113
Nike,Nike,,178,114
Sports,Sports,,178,115
Galaxus,Galaxus,,178,116
Haushalt Outdoor Sport,Haushalt Outdoor Sport,,178,117
med. Sarah Bechstein,med. Sarah Bechstein,,178,118
Glennon Doyle gesprochen,Glennon Doyle gesprochen,,178,119
geschlossenen Restaurants,geschlossenen Restaurants,,178,119
Jolie Magazin,Jolie Magazin,,178,119
Einjähriges und fühlt,Einjähriges und fühlt,,178,119
wollender Langstrecken,wollender Langstrecken,,178,119
Lasst,Lasst,,178,119
enden wollender Langstrecken,enden wollender Langstrecken,,178,119
hören und lesen,hören und lesen,,178,119
zuversichtlich bleiben,zuversichtlich bleiben,,178,119
letzter Zeit überall,letzter Zeit überall,,178,119
Lasst uns zuversichtlich,Lasst uns zuversichtlich,,178,119
LIDL Gutscheine,LIDL Gutscheine,,177,59
wenigen Schritten Fischgrätenzopf,wenigen Schritten Fischgrätenzopf,,176,120
Plaid Leichte Maschen,Plaid Leichte Maschen,,176,121
Shop-Übersicht Folgende Gutscheine,Shop-Übersicht Folgende Gutscheine,,176,122
elektrische Zahnbürste,elektrische Zahnbürste,,176,12
Zitroniges Hühnersüppchen Omelett,Zitroniges Hühnersüppchen Omelett,,168,123
you,you,,150,124
the products and,the products and,,150,124
that you and,that you and,,150,124
and Conditions and,and Conditions and,,150,124
and your shopping,and your shopping,,150,124
products and services,products and services,,150,124
you and,you and,,150,124
you and your,you and your,,150,124
schönsten Looks Frisuren,schönsten Looks Frisuren,,158,125
Journalistin Thị,Journalistin Thị,,152,126
DADDY,DADDY,,152,126
DADDY Magazine,DADDY Magazine,,152,126
Journalistin Kemi Fatoba,Journalistin Kemi Fatoba,,152,126
Kemi Fatoba steckt,Kemi Fatoba steckt,,152,126
Minh Huyền Nguyễn,Minh Huyền Nguyễn,,152,126
Thị Minh Huyền,Thị Minh Huyền,,152,126
Journalistin Thị Minh,Journalistin Thị Minh,,152,126
Beauty Spiele Gesellschaft,Beauty Spiele Gesellschaft,,154,127
VergleichsportalHaushaltsprodukteProduktvergleichOTTO GutscheineeBay Gutscheinebaur,VergleichsportalHaushaltsprodukteProduktvergleichOTTO GutscheineeBay Gutscheinebaur,,146,127
langen Herrenmänteln Premium-Wärme,langen Herrenmänteln Premium-Wärme,,153,133
Herrenmäntel Bleiben,Herrenmäntel Bleiben,,150,133
langen Herrenmänteln,langen Herrenmänteln,,109,133
Herrenmänteln Premium-Wärme,Herrenmänteln Premium-Wärme,,109,133
Premium-Wärme und Style,Premium-Wärme und Style,,109,133
Damen Unterwäsche Bleiben,Damen Unterwäsche Bleiben,,151,47
Herrenhosen ein Update,Herrenhosen ein Update,,152,128
Herrenhosen Bleiben,Herrenhosen Bleiben,,150,128
Gib deiner Garderobe,Gib deiner Garderobe,,108,128
Saison mit Superdrys,Saison mit Superdrys,,108,128
Superdrys Reihe,Superdrys Reihe,,108,128
Reihe an Herrenhosen,Reihe an Herrenhosen,,108,128
Kollektion für Herren,Kollektion für Herren,,150,129
Kollektion an Herrenoberteilen,Kollektion an Herrenoberteilen,,152,130
Herrenoberteilen,Herrenoberteilen,,108,130
Erfrische deine Garderobe,Erfrische deine Garderobe,,108,130
Sweatshirts eindecken möchtest,Sweatshirts eindecken möchtest,,152,131
eindecken möchtest,eindecken möchtest,,108,131
passendes Trainingsanzug-Set suchst,passendes Trainingsanzug-Set suchst,,108,131
Sweatshirts eindecken,Sweatshirts eindecken,,108,131
Damen-Styles der Saison,Damen-Styles der Saison,,152,35
Styles für Damen,Styles für Damen,,150,35
unseren Damenhosen gibst,unseren Damenhosen gibst,,152,132
Damenhosen Bleiben,Damenhosen Bleiben,,150,132
Entdecke Chinos,Entdecke Chinos,,108,132
unseren Damenhosen,unseren Damenhosen,,108,132
Damenhosen gibst,Damenhosen gibst,,108,132
Winter ein Update,Winter ein Update,,108,132
Wasserflaschen für Damen,Wasserflaschen für Damen,,150,17
Damenschuhe Bleiben,Damenschuhe Bleiben,,150,133
Superdry Standorte,Superdry Standorte,,152,134
Kinderzimmer,Kinderzimmer,,100,8
Herren Unterwäsche Bleiben,Herren Unterwäsche Bleiben,,151,135
Herren-Poloshirts Bleiben,Herren-Poloshirts Bleiben,,150,136
Herrenjeans Bleiben,Herrenjeans Bleiben,,150,8
Herrenhemden Bleiben,Herrenhemden Bleiben,,150,137
Herrentaschen Bleiben,Herrentaschen Bleiben,,150,138
Herrengürtel Bleiben,Herrengürtel Bleiben,,150,139
Gürtel,Gürtel,,121,139
unverzichtbare Accessoire,unverzichtbare Accessoire,,150,69
Herren Brieftaschen Bleiben,Herren Brieftaschen Bleiben,,150,69
täglich brauchst,täglich brauchst,,108,69
Herrenschuhe Bleiben,Herrenschuhe Bleiben,,150,140
Herren Badesandalen Bleiben,Herren Badesandalen Bleiben,,150,141
Herren Sportschuhe Bleiben,Herren Sportschuhe Bleiben,,150,142
Sneaker für Herren,Sneaker für Herren,,150,143
Kleider Bleiben,Kleider Bleiben,,150,144
Damenjeans Bleiben,Damenjeans Bleiben,,150,145
Jumpsuits für Damen,Jumpsuits für Damen,,150,146
Jumpsuits,Jumpsuits,,114,146
Damen Rucksäcke Bleiben,Damen Rucksäcke Bleiben,,150,35
perfekte Start,perfekte Start,,112,35
Damentaschen von Superdry,Damentaschen von Superdry,,106,35
Damenstiefel Bleiben,Damenstiefel Bleiben,,150,80
Limette,Limette,,111,6
Shop Hier bekommst,Shop Hier bekommst,,148,147
einfache Raumumgestaltung Grauer,einfache Raumumgestaltung Grauer,,148,148
hohem Baumwollanteil Marineblaue,hohem Baumwollanteil Marineblaue,,148,148
Schlaferlebnis Kuscheliges Kissen,Schlaferlebnis Kuscheliges Kissen,,148,148
Stil Silberfarbener Glasrahmen,Stil Silberfarbener Glasrahmen,,148,148
Baumwollanteil Marineblaue Kissenbezüge,Baumwollanteil Marineblaue Kissenbezüge,,148,148
Raumumgestaltung Grauer Papierseilkorb,Raumumgestaltung Grauer Papierseilkorb,,148,148
Tog Superweiche Bettdecke,Tog Superweiche Bettdecke,,148,148
Samt Einfache Dekoideen,Samt Einfache Dekoideen,,104,148
Starte rechtzeitig,Starte rechtzeitig,,146,149
Feast Open Air,Feast Open Air,,124,41
Death Feast Open,Death Feast Open,,124,41
Quarantine Edition,Quarantine Edition,,103,41
erklärt Emily Kiberd,erklärt Emily Kiberd,,142,150
Handy Steifer Nacken,Handy Steifer Nacken,,142,150
Tech Neck,Tech Neck,,142,150
Spiele BriBubble Schießt,Spiele BriBubble Schießt,,138,151
Vera van Erp,Vera van Erp,,116,8
Wundergewürz,Wundergewürz,,124,152
Viren und Bakterien,Viren und Bakterien,,120,153
Pandemie Desinfektionsmittel einfach,Pandemie Desinfektionsmittel einfach,,117,153
BSS Deutsche,BSS Deutsche,,117,153
Deutsche Pflegeallianz GmbH,Deutsche Pflegeallianz GmbH,,117,153
Bakterien in Schach,Bakterien in Schach,,117,153
Themengebiet der Pflege,Themengebiet der Pflege,,117,153
Pflege als Ratgeber,Pflege als Ratgeber,,117,153
Ratgeber zur Seite,Ratgeber zur Seite,,117,153
Hilfestellung für Betroffene,Hilfestellung für Betroffene,,117,153
BSS Deutsche Pflegeallianz,BSS Deutsche Pflegeallianz,,117,153
Händehygiene im Abo,Händehygiene im Abo,,114,153
Sport hilft,Sport hilft,,120,9
Fotos und Videos,Fotos und Videos,,119,154
Haus schaffenOpulent,Haus schaffenOpulent,,106,7
nachhaltigen Haus schaffenOpulent,nachhaltigen Haus schaffenOpulent,,106,7
Zahn Laut Horoskop,Zahn Laut Horoskop,,112,155
Body PositivityBuch-Tipp,Body PositivityBuch-Tipp,,100,156
Lockdown schön,Lockdown schön,,100,156
Sammlung zum Thema,Sammlung zum Thema,,100,156
Thema Body,Thema Body,,100,156
Anna Brüggemann,Anna Brüggemann,,100,156
Brüggemann über Beziehungen,Brüggemann über Beziehungen,,100,156
Liebesfilme auf Netflix,Liebesfilme auf Netflix,,100,156
Kristin Hannah Kirsten,Kristin Hannah Kirsten,,100,156
Singulart versteigert Sammlung,Singulart versteigert Sammlung,,100,156
Thema Body PositivityBuch-Tipp,Thema Body PositivityBuch-Tipp,,100,156
Brigitte Academy,Brigitte Academy,,100,157
