Id,Label,timeset,modularity_class
Gesundheit,Gesundheit,,10
Fragen und Antworten,Fragen und Antworten,,10
Antworten zur Grippeimpfung,Antworten zur Grippeimpfung,,10
Bleib gesund,Bleib gesund,,10
Lebensmitteln umgehen,Lebensmitteln umgehen,,0
sinnvoll ist Wochenplan,sinnvoll ist Wochenplan,,0
Nachhaltig genießen,Nachhaltig genießen,,0
Umwelt,Umwelt,,0
Kindern Laktoseintoleranz,Kindern Laktoseintoleranz,,10
Grippeimpfung Kreidezähne,Grippeimpfung Kreidezähne,,10
Kreidezähne bei Kindern,Kreidezähne bei Kindern,,10
Medizin Fragen,Medizin Fragen,,10
Fakten und Neuigkeiten,Fakten und Neuigkeiten,,10
rein Alleskönner Vitamin,rein Alleskönner Vitamin,,10
Wochen und Monaten,Wochen und Monaten,,10
Thema Gesundheit,Thema Gesundheit,,10
Wochen,Wochen,,10
Monaten,Monaten,,10
Thema Gesundheit weiterhilft,Thema Gesundheit weiterhilft,,10
ums Thema Gesundheit,ums Thema Gesundheit,,10
Gesundheitsmagazin,Gesundheitsmagazin,,10
StartseiteErnährungNachhaltig genießen,StartseiteErnährungNachhaltig genießen,,0
StartseiteMedizin Gesundheit,StartseiteMedizin Gesundheit,,10
Gesundheitsmagazin bleib gesund,Gesundheitsmagazin bleib gesund,,10
Sport,Sport,,38
Nachhaltig genießen Lebensmittelvorräte,Nachhaltig genießen Lebensmittelvorräte,,0
genießen Lebensmittelvorräte,genießen Lebensmittelvorräte,,0
Lebensmitteln,Lebensmitteln,,0
Klima,Klima,,0
Zahl der Neuinfektionen,Zahl der Neuinfektionen,,10
mentale Gesundheit,mentale Gesundheit,,38
Mentale Gesundheit,Mentale Gesundheit,,38
StartseiteNewsMentale Gesundheit,StartseiteNewsMentale Gesundheit,,38
mentale Gesundheit verbessern,mentale Gesundheit verbessern,,38
mentale Gesundheit deutlich,mentale Gesundheit deutlich,,38
Musik tut,Musik tut,,38
Musik,Musik,,38
mentale Gesundheit wackelt,mentale Gesundheit wackelt,,38
unsichtbare Arbeit stresst,unsichtbare Arbeit stresst,,3
Mental Load,Mental Load,,3
Hilfsmittel Mental Load,Hilfsmittel Mental Load,,3
Schöne Ferien,Schöne Ferien,,3
Diagnose Schwangerschaftsdiabetes,Diagnose Schwangerschaftsdiabetes,,3
Hormone und Hilfsmittel,Hormone und Hilfsmittel,,3
Verhütung ohne Hormone,Verhütung ohne Hormone,,3
Familie Diagnose Schwangerschaftsdiabetes,Familie Diagnose Schwangerschaftsdiabetes,,3
stresst Schöne Ferien,stresst Schöne Ferien,,3
Arbeit stresst Schöne,Arbeit stresst Schöne,,3
Schwangerschaftsdiabetes Fünf Gründe,Schwangerschaftsdiabetes Fünf Gründe,,3
Arbeit stresst Folge,Arbeit stresst Folge,,3
Leben lang zusammenbleiben,Leben lang zusammenbleiben,,3
Sexualität Verhütung,Sexualität Verhütung,,3
Hilfsmittel Mental,Hilfsmittel Mental,,3
StartseiteFamiliePartnerschaft und Sexualität,StartseiteFamiliePartnerschaft und Sexualität,,3
StartseiteFamilie Gesundheit,StartseiteFamilie Gesundheit,,3
Patricia Cammarata,Patricia Cammarata,,3
Arbeit stresst Mental,Arbeit stresst Mental,,3
Load,Load,,3
Mental,Mental,,3
Begriff Mental Load,Begriff Mental Load,,3
Bloggerin Patricia Cammarata,Bloggerin Patricia Cammarata,,3
Thema Mental Load,Thema Mental Load,,3
stresst Mental Load,stresst Mental Load,,3
vegetarisch und klimafreundlich,vegetarisch und klimafreundlich,,0
Vitamine und Mineralstoffe,Vitamine und Mineralstoffe,,0
Eismaschine Mediterrane Küche,Eismaschine Mediterrane Küche,,0
starke Nerven Cocktails,starke Nerven Cocktails,,0
Corona und Lebensmittel,Corona und Lebensmittel,,0
Mediterrane Küche,Mediterrane Küche,,0
klimafreundlich Weihnachtsplätzchen,klimafreundlich Weihnachtsplätzchen,,0
Intervallfasten Limonade selber,Intervallfasten Limonade selber,,0
Selbermixen Wochenplan,Selbermixen Wochenplan,,0
Urlaub Limonade selber,Urlaub Limonade selber,,0
Frühling Sommerrezepte,Frühling Sommerrezepte,,0
Cocktails zum Selbermixen,Cocktails zum Selbermixen,,0
StartseiteErnährungRezepte Was koche,StartseiteErnährungRezepte Was koche,,0
nachhaltig essen bedeutet,nachhaltig essen bedeutet,,0
Ernährung Weihnachtsessen,Ernährung Weihnachtsessen,,0
Rezepte Weihnachtsessen,Rezepte Weihnachtsessen,,0
Nachhaltig genießen Weihnachtsessen,Nachhaltig genießen Weihnachtsessen,,0
genießen Weihnachtsessen,genießen Weihnachtsessen,,0
klimafreundlich Lebensmittelvorräte,klimafreundlich Lebensmittelvorräte,,0
klimafreundlich Lebensmittelvorrat,klimafreundlich Lebensmittelvorrat,,0
Körper,Körper,,4
Lebensmittel,Lebensmittel,,4
komplexes System,komplexes System,,4
Körper Laktoseintoleranz,Körper Laktoseintoleranz,,4
Hormone,Hormone,,4
System,System,,4
Körperfunktionen und Organen,Körperfunktionen und Organen,,4
Herz-Kreislauf,Herz-Kreislauf,,4
StartseiteMedizinKörper Stoffwechsel,StartseiteMedizinKörper Stoffwechsel,,4
Stoffwechsel,Stoffwechsel,,4
Fruktose oder Gluten,Fruktose oder Gluten,,4
Ernährung,Ernährung,,4
Beschwerden,Beschwerden,,4
Laktose,Laktose,,4
Fruktose,Fruktose,,4
Körper Laktose,Körper Laktose,,4
Mengen,Mengen,,4
Arzt,Arzt,,4
Milchzucker,Milchzucker,,4
Trampolin,Trampolin,,4
Gelenke,Gelenke,,4
springen,springen,,4
Trampolinspringen macht Spaß,Trampolinspringen macht Spaß,,4
schlechte Laune Folge,schlechte Laune Folge,,4
StartseiteFamilieFamilienlebenAb aufs Trampolin,StartseiteFamilieFamilienlebenAb aufs Trampolin,,4
hüpfen,hüpfen,,4
Trampolin Hüpfen,Trampolin Hüpfen,,4
Sprung,Sprung,,4
Laktoseintoleranz,Laktoseintoleranz,,4
Gesund essen,Gesund essen,,0
Gesund essen Kürbis,Gesund essen Kürbis,,0
Überblick Gesund essen,Überblick Gesund essen,,0
Lebensmittel Vitamine,Lebensmittel Vitamine,,0
Überblick Gesund,Überblick Gesund,,0
essen Kürbis,essen Kürbis,,0
wichtigen Nährstoffen,wichtigen Nährstoffen,,0
Saison-Highlight Corona,Saison-Highlight Corona,,0
Eismaschine Mediterrane,Eismaschine Mediterrane,,0
Frühling Corona,Frühling Corona,,0
Heilkraft Urtica dioica,Heilkraft Urtica dioica,,0
voller Heilkraft Urtica,voller Heilkraft Urtica,,0
voller Heilkraft Brennnessel,voller Heilkraft Brennnessel,,0
Heilkraft Urtica,Heilkraft Urtica,,0
Urtica dioica,Urtica dioica,,0
Unkraut schlechthin,Unkraut schlechthin,,0
Schutz vor Krankheiten,Schutz vor Krankheiten,,0
Krankheiten Hildegard,Krankheiten Hildegard,,0
Hildegard von Bingen,Hildegard von Bingen,,0
Ernährung Weihnachtsplätzchen,Ernährung Weihnachtsplätzchen,,0
Rezepte,Rezepte,,0
Trends und Diäten,Trends und Diäten,,0
Raum Schöne Ferien,Raum Schöne Ferien,,3
kleinstem Raum Schöne,kleinstem Raum Schöne,,3
draußen Schwimmen lernen,draußen Schwimmen lernen,,3
Netz Fünf Gründe,Netz Fünf Gründe,,3
Medien und Corona,Medien und Corona,,3
Sicherheit für Kids,Sicherheit für Kids,,3
Kids im Netz,Kids im Netz,,3
Corona Kinderspiele,Corona Kinderspiele,,3
StartseiteFamilieFamilienleben Das Familienleben,StartseiteFamilieFamilienleben Das Familienleben,,3
Geburt Diagnose Schwangerschaftsdiabetes,Geburt Diagnose Schwangerschaftsdiabetes,,3
Diagnose Schwangerschaftsdiabetes Schwangerschaftsgymnastik,Diagnose Schwangerschaftsdiabetes Schwangerschaftsgymnastik,,3
Geburt Diagnose,Geburt Diagnose,,3
Schwangerschaftsdiabetes Schwangerschaftsgymnastik,Schwangerschaftsdiabetes Schwangerschaftsgymnastik,,3
Hause Folge,Hause Folge,,3
Schwangerschaft und Geburt,Schwangerschaft und Geburt,,3
ums Thema Schwangerschaft,ums Thema Schwangerschaft,,3
Geburt Schwanger,Geburt Schwanger,,3
StartseiteFamilieSchwangerschaft und Geburt,StartseiteFamilieSchwangerschaft und Geburt,,3
Yoga gegen Angststörungen,Yoga gegen Angststörungen,,1
Sicher Schwimmen,Sicher Schwimmen,,1
Schwimmen im Badesee,Schwimmen im Badesee,,1
Entspannung Sicher Schwimmen,Entspannung Sicher Schwimmen,,1
Angststörungen Konzentriert arbeiten,Angststörungen Konzentriert arbeiten,,1
Wohlbefinden Zwangsstörungen,Wohlbefinden Zwangsstörungen,,1
Marotte Yoga,Marotte Yoga,,1
Angststörungen Konzentriert,Angststörungen Konzentriert,,1
Entspannung Sicher,Entspannung Sicher,,1
Angststörungen Sicher Schwimmen,Angststörungen Sicher Schwimmen,,1
Sport und Fitness,Sport und Fitness,,1
Badesee MTB,Badesee MTB,,1
Tipps und Tricks,Tipps und Tricks,,1
Themen Sport,Themen Sport,,1
Angststörungen Sicher,Angststörungen Sicher,,1
Tricks für Einsteiger,Tricks für Einsteiger,,1
Beine Angst überwinden,Beine Angst überwinden,,1
Badesee Fünf Übungen,Badesee Fünf Übungen,,1
einfach kochen Folge,einfach kochen Folge,,0
Urlaub Limonade,Urlaub Limonade,,0
Nerven Cocktails,Nerven Cocktails,,0
Rezepte Weihnachtsplätzchen,Rezepte Weihnachtsplätzchen,,0
abnehmen,abnehmen,,2
Abnehmen mit Genuss,Abnehmen mit Genuss,,2
Intervallfasten Folge,Intervallfasten Folge,,2
Krise Abnehmen,Krise Abnehmen,,2
Heißhunger und Jojo-Effekt,Heißhunger und Jojo-Effekt,,2
Jojo-Effekt Ohne Speckpolster,Jojo-Effekt Ohne Speckpolster,,2
Abnehmen mit Intervallfasten,Abnehmen mit Intervallfasten,,2
Trennkost oder Diäten,Trennkost oder Diäten,,2
Abnehmen,Abnehmen,,2
Genuss,Genuss,,2
Genuss BMI,Genuss BMI,,2
grünen Bereich,grünen Bereich,,2
Monaten im Homeoffice,Monaten im Homeoffice,,2
BMI im grünen,BMI im grünen,,2
StartseiteErnährungAbnehmen Gesund abnehmen,StartseiteErnährungAbnehmen Gesund abnehmen,,2
StartseiteErnährungAbnehmen Gesund,StartseiteErnährungAbnehmen Gesund,,2
StartseiteAnzeigeAbnehmen mit Genuss,StartseiteAnzeigeAbnehmen mit Genuss,,2
Homeoffice diese Frage,Homeoffice diese Frage,,2
Zecken Herdenimmunität,Zecken Herdenimmunität,,10
Selbstversuch Reiseapotheke,Selbstversuch Reiseapotheke,,10
gehört rein Myth-Buster,gehört rein Myth-Buster,,10
ums Impfen,ums Impfen,,10
Medizinwissen Fragen,Medizinwissen Fragen,,10
aktuellen medizinischen Themen,aktuellen medizinischen Themen,,10
gehört rein,gehört rein,,10
StartseiteMedizinMedizinwissen Egal,StartseiteMedizinMedizinwissen Egal,,10
Bein,Bein,,11
Knie,Knie,,11
Rücken,Rücken,,11
Knie knacken,Knie knacken,,11
Professor Ostermeier,Professor Ostermeier,,11
knacken,knacken,,11
Ostermeier,Ostermeier,,11
Schmerzen hast.Unsere Knie,Schmerzen hast.Unsere Knie,,11
Professor,Professor,,11
Knacken Vorboten,Knacken Vorboten,,11
knirschen Kennst,knirschen Kennst,,11
Beine,Beine,,11
Boden,Boden,,11
Beinübung,Beinübung,,11
Arme und Beine,Arme und Beine,,11
Position,Position,,11
Beine trainieren,Beine trainieren,,11
Arme,Arme,,11
Frauen,Frauen,,3
Natürliche Verhütung,Natürliche Verhütung,,3
natürliche Verhütungsmethode,natürliche Verhütungsmethode,,3
StartseiteFamiliePartnerschaft und SexualitätNatürliche,StartseiteFamiliePartnerschaft und SexualitätNatürliche,,3
Methode,Methode,,3
setzen stattdessen,setzen stattdessen,,3
Verhütung,Verhütung,,3
Verhütungsmethoden beobachten Frauen,Verhütungsmethoden beobachten Frauen,,3
natürliche,natürliche,,3
Schwangerschaft,Schwangerschaft,,23
Schwangerschaftsdiabetes,Schwangerschaftsdiabetes,,23
Tina Grüter,Tina Grüter,,23
Geburt,Geburt,,23
Diagnose bedeutet Inhaltsverzeichnis,Diagnose bedeutet Inhaltsverzeichnis,,23
werdende Mamas erstmal,werdende Mamas erstmal,,23
werdende Mamas,werdende Mamas,,23
bedeutet Inhaltsverzeichnis,bedeutet Inhaltsverzeichnis,,23
Grüter,Grüter,,23
Babys riechen,Babys riechen,,3
Frauenprobleme lenken Spezielle,Frauenprobleme lenken Spezielle,,3
lenken Spezielle Informationen,lenken Spezielle Informationen,,3
wichtige Frauenprobleme lenken,wichtige Frauenprobleme lenken,,3
Bikinimedizin Frauenzeitschriften,Bikinimedizin Frauenzeitschriften,,3
Frauenzeitschriften und Fachmagazine,Frauenzeitschriften und Fachmagazine,,3
Spezielle Informationen,Spezielle Informationen,,3
Frau Folge,Frau Folge,,3
schwanger sein Bikinimedizin,schwanger sein Bikinimedizin,,3
Fachmagazine untersucht,Fachmagazine untersucht,,3
schafft Vertrauen Frauen,schafft Vertrauen Frauen,,3
Eindruck entscheidet Attraktivität,Eindruck entscheidet Attraktivität,,3
Attraktivität schafft Vertrauen,Attraktivität schafft Vertrauen,,3
entscheidet Attraktivität schafft,entscheidet Attraktivität schafft,,3
Vertrauen Frauen,Vertrauen Frauen,,3
Eindruck entscheidet,Eindruck entscheidet,,3
schafft Vertrauen,schafft Vertrauen,,3
ticken anders Folge,ticken anders Folge,,3
Männer lassen,Männer lassen,,3
Babys riechen toll,Babys riechen toll,,3
StartseiteNewsBabys riechen toll,StartseiteNewsBabys riechen toll,,3
Babys riechen Frauen,Babys riechen Frauen,,3
riechen toll,riechen toll,,3
Frauen fühlen sofort,Frauen fühlen sofort,,3
riechen,riechen,,3
StartseiteNewsBabys riechen,StartseiteNewsBabys riechen,,3
enthalten,enthalten,,4
StartseiteErnährungGesund essenGesunde Lebensmittel,StartseiteErnährungGesund essenGesunde Lebensmittel,,4
essenGesunde Lebensmittel,essenGesunde Lebensmittel,,4
StartseiteErnährungGesund essenGesunde,StartseiteErnährungGesund essenGesunde,,4
gesunde Lebensmittel,gesunde Lebensmittel,,4
Obst,Obst,,4
gesunde Lebensmittel bevorzugt,gesunde Lebensmittel bevorzugt,,4
Tipps,Tipps,,4
ausgewogene Ernährung,ausgewogene Ernährung,,4
Menü der Zukunft,Menü der Zukunft,,4
Utopie oder Wirklichkeit,Utopie oder Wirklichkeit,,4
Klima Utopie,Klima Utopie,,4
Menü,Menü,,4
Zukunft,Zukunft,,4
Ernährung in Deutschland,Ernährung in Deutschland,,4
Nutrition Hub,Nutrition Hub,,4
Starte rechtzeitig,Starte rechtzeitig,,5
Chirurgischer Eingriff Schritt,Chirurgischer Eingriff Schritt,,5
Antiinfektiöse Therapie Schritt,Antiinfektiöse Therapie Schritt,,5
Befund feststellen Schritt,Befund feststellen Schritt,,5
Volkskrankheit Parodontitis Parodontitis-Behandlung,Volkskrankheit Parodontitis Parodontitis-Behandlung,,5
Starte,Starte,,5
Eingriff Schritt,Eingriff Schritt,,5
Chirurgischer Eingriff,Chirurgischer Eingriff,,5
Schritt,Schritt,,5
trotz Corona wahrnehmen,trotz Corona wahrnehmen,,6
Impfungen trotz Corona,Impfungen trotz Corona,,6
Corona wahrnehmen Schutzimpfungen,Corona wahrnehmen Schutzimpfungen,,6
Impfungen schützen Folge,Impfungen schützen Folge,,6
Corona wahrnehmen Impfungen,Corona wahrnehmen Impfungen,,6
Wichtige Impfungen trotz,Wichtige Impfungen trotz,,6
wichtig Impfungen schützen,wichtig Impfungen schützen,,6
StartseiteNewsWichtige Impfungen trotz,StartseiteNewsWichtige Impfungen trotz,,6
Ängste überwinden,Ängste überwinden,,7
Alternative zur Psychotherapie,Alternative zur Psychotherapie,,7
Yoga Angststörungen nehmen,Yoga Angststörungen nehmen,,7
Psychotherapie Wie entstehen,Psychotherapie Wie entstehen,,7
Übungen,Übungen,,7
Angststörungen,Angststörungen,,7
Yoga Bestimmte Übungen,Yoga Bestimmte Übungen,,7
bestimmte Ängste überwinden,bestimmte Ängste überwinden,,7
Yoga,Yoga,,7
Prozent,Prozent,,15
Diagnose bedeutet Plötzlich,Diagnose bedeutet Plötzlich,,23
Plötzlich zuckerkrank Schwangerschaftsdiabetes,Plötzlich zuckerkrank Schwangerschaftsdiabetes,,23
bedeutet Plötzlich zuckerkrank,bedeutet Plötzlich zuckerkrank,,23
Betreuung Insulinpflichtiger Schwangerschaftsdiabetes,Betreuung Insulinpflichtiger Schwangerschaftsdiabetes,,23
Insulinpflichtiger Schwangerschaftsdiabetes Symptome,Insulinpflichtiger Schwangerschaftsdiabetes Symptome,,23
Schwangerschaftsdiabetes Leckere Rezepte,Schwangerschaftsdiabetes Leckere Rezepte,,23
übergewichtig Risikofaktor Übergewicht,übergewichtig Risikofaktor Übergewicht,,23
Risikofaktor Übergewicht,Risikofaktor Übergewicht,,23
Schwangerschaft Schwangerschaft,Schwangerschaft Schwangerschaft,,23
Übergewicht,Übergewicht,,23
starkes Übergewicht,starkes Übergewicht,,23
Schwangere sind übergewichtig,Schwangere sind übergewichtig,,23
übergewichtig Risikofaktor,übergewichtig Risikofaktor,,23
Nacken,Nacken,,8
Schreibtisch arbeitet,Schreibtisch arbeitet,,8
konzentriert am Schreibtisch,konzentriert am Schreibtisch,,8
Schmerzen schnell,Schmerzen schnell,,8
sticht und zieht,sticht und zieht,,8
schnell zu spüren,schnell zu spüren,,8
Nacken brennt,Nacken brennt,,8
Hand,Hand,,8
Nackenverspannungen Folge,Nackenverspannungen Folge,,8
Übungen die helfen,Übungen die helfen,,8
David-Christopher Kubosch,David-Christopher Kubosch,,8
Schmerzen von Kopf,Schmerzen von Kopf,,8
Kopf bis Schulter,Kopf bis Schulter,,8
Nacken und Schultern,Nacken und Schultern,,8
Schulter Kopfschmerzen,Schulter Kopfschmerzen,,8
Kubosch,Kubosch,,8
David-Christopher,David-Christopher,,8
Schultern,Schultern,,8
Schultern streiken,Schultern streiken,,8
Eiweiß,Eiweiß,,23
Diagnose Gestationsdiabetes,Diagnose Gestationsdiabetes,,23
MinutenPro Portion,MinutenPro Portion,,23
StartseiteErnährungGesund essenErnährung,StartseiteErnährungGesund essenErnährung,,23
Portion,Portion,,23
Kohlenhydrate,Kohlenhydrate,,23
Fragen,Fragen,,23
Fett,Fett,,23
Glykämischer Index Nährstoffbedarf,Glykämischer Index Nährstoffbedarf,,23
starke Abwehrkräfte,starke Abwehrkräfte,,9
Abwehrkräfte Wie funktioniert,Abwehrkräfte Wie funktioniert,,9
starkes Immunsystem,starkes Immunsystem,,9
Krankheitserreger unseren Körper,Krankheitserreger unseren Körper,,9
Eindringlinge verschlingen Helfer,Eindringlinge verschlingen Helfer,,9
Helfer alarmieren Informationen,Helfer alarmieren Informationen,,9
Informationen weitergeben Antikörper,Informationen weitergeben Antikörper,,9
Antikörper produzieren Gift,Antikörper produzieren Gift,,9
Tipps Folge,Tipps Folge,,9
Bad Homburg,Bad Homburg,,10
Website,Website,,10
Cookies,Cookies,,10
Amtsgericht Bad Homburg,Amtsgericht Bad Homburg,,10
Bad Homburg HRB,Bad Homburg HRB,,10
Impressum Folge,Impressum Folge,,10
Bad,Bad,,10
Amtsgericht Bad,Amtsgericht Bad,,10
Dipl.,Dipl.,,10
StartseiteImpressum Anbieterwdv Gesellschaft,StartseiteImpressum Anbieterwdv Gesellschaft,,10
StartseiteImpressum Anbieterwdv,StartseiteImpressum Anbieterwdv,,10
Anbieterwdv Gesellschaft,Anbieterwdv Gesellschaft,,10
Adventskalender,Adventskalender,,10
gesund,gesund,,10
OHG,OHG,,10
StartseiteBleib gesund,StartseiteBleib gesund,,10
StartseiteBleib,StartseiteBleib,,10
Bleib,Bleib,,10
Seite,Seite,,10
Hause,Hause,,11
Kosmetik und Wellness,Kosmetik und Wellness,,11
Beauty Maskne,Beauty Maskne,,11
unseren täglichen Begleitern,unseren täglichen Begleitern,,11
hilft gegen Pickel,hilft gegen Pickel,,11
Haarpflege,Haarpflege,,11
Infos zur Haut,Infos zur Haut,,11
Tipps und Infos,Tipps und Infos,,11
Infos,Infos,,11
StartseiteWohlbefindenBeauty Sich wohlfühlen,StartseiteWohlbefindenBeauty Sich wohlfühlen,,11
Einfache Hantelübungen,Einfache Hantelübungen,,11
Fakten Folge,Fakten Folge,,11
unbedingt ins Fitnessstudio,unbedingt ins Fitnessstudio,,11
daheim Zahlen,daheim Zahlen,,11
Hantelübungen für daheim,Hantelübungen für daheim,,11
Trainiert Rücken Schultern,Trainiert Rücken Schultern,,11
Fitnessstudio,Fitnessstudio,,11
Hanteltraining,Hanteltraining,,11
Daten,Daten,,10
Verarbeitung personenbezogener Daten,Verarbeitung personenbezogener Daten,,10
personenbezogenen Daten,personenbezogenen Daten,,10
Google,Google,,10
Google Ads,Google Ads,,10
Übermittlung personenbezogener Daten,Übermittlung personenbezogener Daten,,10
Verarbeitung,Verarbeitung,,10
Verarbeitung persönlicher Informationen,Verarbeitung persönlicher Informationen,,10
technische Daten etc.,technische Daten etc.,,14
technische Daten,technische Daten,,14
Daten etc.,Daten etc.,,14
aktuellen Preisliste,aktuellen Preisliste,,14
Studie,Studie,,15
Studie zeigt,Studie zeigt,,36
aktuelle Studie zeigt,aktuelle Studie zeigt,,36
min.Eine aktuelle Studie,min.Eine aktuelle Studie,,36
min.Eine Studie zeigt,min.Eine Studie zeigt,,36
zeigt,zeigt,,36
aktuelle Studie,aktuelle Studie,,36
Anrufe bei Sorgentelefonen,Anrufe bei Sorgentelefonen,,36
Jugendliche unterstützen Kaffeekirschen,Jugendliche unterstützen Kaffeekirschen,,36
min.Eine Studie,min.Eine Studie,,36
frischen Bärlauch Melatonin,frischen Bärlauch Melatonin,,36
aktuelle,aktuelle,,36
Linderung durch Foto,Linderung durch Foto,,36
Meldungen und News,Meldungen und News,,36
Heilmittel Schmerzen,Heilmittel Schmerzen,,36
Bio-Lebensmittel wächst Frauengesundheit,Bio-Lebensmittel wächst Frauengesundheit,,36
Symptome und Behandlung,Symptome und Behandlung,,36
Partners Chlamydien,Partners Chlamydien,,36
psychischen Erkrankungen,psychischen Erkrankungen,,15
Erkrankungen,Erkrankungen,,15
Bärlauch Melatonin,Bärlauch Melatonin,,36
mentale Gesundheit Appetit,mentale Gesundheit Appetit,,36
Generation,Generation,,15
Generation Boomer,Generation Boomer,,15
höheres Risiko,höheres Risiko,,15
Melatonin und Einschlafprobleme,Melatonin und Einschlafprobleme,,36
englischen Studie,englischen Studie,,15
Teilnehmer,Teilnehmer,,15
Bluthochdruck,Bluthochdruck,,15
Foto des Partners,Foto des Partners,,36
Einschlafprobleme Jodtabletten,Einschlafprobleme Jodtabletten,,36
Kurkuma kein Heilmittel,Kurkuma kein Heilmittel,,36
Beziehung und Schwangerschaft,Beziehung und Schwangerschaft,,36
toxischen Beziehungen,toxischen Beziehungen,,36
glücklich Rat gesucht,glücklich Rat gesucht,,36
Handtaschen Kurkuma,Handtaschen Kurkuma,,36
min.Eine,min.Eine,,36
unterstützen Kaffeekirschen,unterstützen Kaffeekirschen,,36
Ablenkungsfaktor Beifahrer,Ablenkungsfaktor Beifahrer,,36
Beifahrer Gute Vorsätze,Beifahrer Gute Vorsätze,,36
Wochen alkoholfrei,Wochen alkoholfrei,,36
unterschiedlich Ablenkungsfaktor Beifahrer,unterschiedlich Ablenkungsfaktor Beifahrer,,36
Eltern unterschiedlich Ablenkungsfaktor,Eltern unterschiedlich Ablenkungsfaktor,,36
Hate Speech nehmen,Hate Speech nehmen,,36
Fake News,Fake News,,36
Hate Speech,Hate Speech,,36
rauer Weihnachten,rauer Weihnachten,,36
Bio-Weihnachtsbäume zum Fest,Bio-Weihnachtsbäume zum Fest,,36
News Männer lassen,News Männer lassen,,36
News Männer,News Männer,,36
Sehstörungen depressiv,Sehstörungen depressiv,,36
Verseuchung vorsorglich einzunehmen,Verseuchung vorsorglich einzunehmen,,36
atomaren Verseuchung vorsorglich,atomaren Verseuchung vorsorglich,,36
News Citizen Science,News Citizen Science,,36
Brennen im Intimbereich,Brennen im Intimbereich,,36
Juckreiz und Brennen,Juckreiz und Brennen,,36
Infektionszahlen steigen Auffrischungsimpfungen,Infektionszahlen steigen Auffrischungsimpfungen,,36
Facetten.Die Infektionszahlen steigen,Facetten.Die Infektionszahlen steigen,,36
News Rat gesucht,News Rat gesucht,,36
Corona Kinder zuckerkrank,Corona Kinder zuckerkrank,,36
Foto des Liebsten,Foto des Liebsten,,36
Facetten.Die Inzidenzen steigen,Facetten.Die Inzidenzen steigen,,36
News Weihnachten,News Weihnachten,,36
Kinder glücklich Rat,Kinder glücklich Rat,,36
Sehstörungen können Depressionen,Sehstörungen können Depressionen,,36
News Machen Sehstörungen,News Machen Sehstörungen,,36
News Vier Wochen,News Vier Wochen,,36
vorbeugen Citizen Science,vorbeugen Citizen Science,,36
Marotte Konzentriert arbeiten,Marotte Konzentriert arbeiten,,12
Psyche Zwangsstörungen,Psyche Zwangsstörungen,,12
Marotte Konzentriert,Marotte Konzentriert,,12
Entspannung Homeoffice,Entspannung Homeoffice,,12
Tipps gegen Schlafstörungen,Tipps gegen Schlafstörungen,,12
Einsamkeit Folge,Einsamkeit Folge,,12
Psyche kümmert,Psyche kümmert,,12
Arbeitsalltag Angst überwinden,Arbeitsalltag Angst überwinden,,12
Arbeitsalltag Angst,Arbeitsalltag Angst,,12
Kontrolle Tipps,Kontrolle Tipps,,12
Konzentriert arbeiten,Konzentriert arbeiten,,12
Arbeitsalltag Diese Scheißangst,Arbeitsalltag Diese Scheißangst,,12
Scheißangst Tipps,Scheißangst Tipps,,12
krank Stress abbauen,krank Stress abbauen,,13
Schnell mal locker,Schnell mal locker,,13
Entspannungstechniken lernen Blitzentspannung,Entspannungstechniken lernen Blitzentspannung,,13
Lesen Entspannungstechniken lernen,Lesen Entspannungstechniken lernen,,13
Aktiv abschalten Warm,Aktiv abschalten Warm,,13
Warm baden Anspannung,Warm baden Anspannung,,13
draußen Lesen Entspannungstechniken,draußen Lesen Entspannungstechniken,,13
wegatmen Verspannungen wegmassieren,wegatmen Verspannungen wegmassieren,,13
einfach wegatmen Verspannungen,einfach wegatmen Verspannungen,,13
abschalten Warm baden,abschalten Warm baden,,13
Preise Allgemeine Geschäftsbedingungen,Preise Allgemeine Geschäftsbedingungen,,14
Preise Allgemeine,Preise Allgemeine,,14
Allgemeine Geschäftsbedingungen,Allgemeine Geschäftsbedingungen,,14
StartseiteMediadaten Informationen,StartseiteMediadaten Informationen,,14
individuelles Angebot,individuelles Angebot,,14
Werbegeschäft in Online-MedienSie,Werbegeschäft in Online-MedienSie,,14
Kürbis bitter schmeckt,Kürbis bitter schmeckt,,35
gefälschte Impfpässe Vorsicht,gefälschte Impfpässe Vorsicht,,36
Achtung gefälschte Impfpässe,Achtung gefälschte Impfpässe,,36
heilbar Achtung gefälschte,heilbar Achtung gefälschte,,36
Impfpässe Vorsicht,Impfpässe Vorsicht,,36
News Vorlesestudie belegt,News Vorlesestudie belegt,,36
wichtig Blutdruck senken,wichtig Blutdruck senken,,36
News Blutdruck senken,News Blutdruck senken,,36
Prozent der Befragten,Prozent der Befragten,,15
Früherkennung sind wichtig,Früherkennung sind wichtig,,15
aufschieben Vorsorgeuntersuchung,aufschieben Vorsorgeuntersuchung,,15
Zahnarzt zählt Folge,Zahnarzt zählt Folge,,15
Vorsorgeuntersuchung und Früherkennung,Vorsorgeuntersuchung und Früherkennung,,15
Deutschland notwendige Arztbesuche,Deutschland notwendige Arztbesuche,,15
Zahnarzt,Zahnarzt,,15
Vorsorgeuntersuchung,Vorsorgeuntersuchung,,15
Vorsorge,Vorsorge,,15
Vorsorgeuntersuchungen,Vorsorgeuntersuchungen,,15
Corona,Corona,,15
Weihnachten,Weihnachten,,15
Befragten,Befragten,,15
Viertel der Befragten,Viertel der Befragten,,15
StartseiteNewsWeihnachten,StartseiteNewsWeihnachten,,15
Minuten die Weihnachtsstimmung,Minuten die Weihnachtsstimmung,,15
normales Weihnachten,normales Weihnachten,,15
Weihnachtsstimmung zum Fenster,Weihnachtsstimmung zum Fenster,,15
richtigen Ausrüstung,richtigen Ausrüstung,,16
Ausrüstung ins Gelände,Ausrüstung ins Gelände,,16
Gelände,Gelände,,16
Bike,Bike,,16
Gelände unterwegs,Gelände unterwegs,,16
Arzberger,Arzberger,,16
unterwegs,unterwegs,,16
Ausrüstung,Ausrüstung,,16
Impfstoff,Impfstoff,,17
Impfung,Impfung,,17
Grippeimpfung,Grippeimpfung,,17
Grippe impfen lassen,Grippe impfen lassen,,17
Risiko,Risiko,,17
schwere Krankheitsverläufe,schwere Krankheitsverläufe,,17
Risiko einer Doppelinfektion,Risiko einer Doppelinfektion,,17
Regine Heilbronn,Regine Heilbronn,,17
Gründe Experten empfehlen,Gründe Experten empfehlen,,17
Doppelinfektion verringern,Doppelinfektion verringern,,17
Schutz gegen Corona,Schutz gegen Corona,,17
Auffrischimpfung gegen Corona,Auffrischimpfung gegen Corona,,17
Corona Booster-Impfungen,Corona Booster-Impfungen,,17
bringt die Auffrischimpfung,bringt die Auffrischimpfung,,17
Johnson,Johnson,,17
Thema in Deutschland,Thema in Deutschland,,17
Auffrischimpfung,Auffrischimpfung,,17
STIKO,STIKO,,17
Risiko einer Infektion,Risiko einer Infektion,,17
Diabetes Typ,Diabetes Typ,,18
Kinder,Kinder,,27
Diabetes,Diabetes,,18
Diabetes bei Kindern,Diabetes bei Kindern,,18
Pandemie Kinder zuckerkrank,Pandemie Kinder zuckerkrank,,18
Seltenheit Studie,Seltenheit Studie,,18
Kinder zuckerkrank,Kinder zuckerkrank,,18
Diagnose Diabetes Typ,Diagnose Diabetes Typ,,18
Diabetes Kinder,Diabetes Kinder,,18
Pandemie Kinder,Pandemie Kinder,,18
ständig zur Toilette,ständig zur Toilette,,18
Diabetes mellitus Typ,Diabetes mellitus Typ,,18
erkennen Viel trinken,erkennen Viel trinken,,18
trinken und ständig,trinken und ständig,,18
Kindern Gesünder leben,Kindern Gesünder leben,,18
Deutscher Diabetes Gesellschaft,Deutscher Diabetes Gesellschaft,,18
Vorsätze,Vorsätze,,15
Schall und Rauch,Schall und Rauch,,15
StartseiteNewsGute Vorsätze,StartseiteNewsGute Vorsätze,,15
ändern Gute Vorsätze,ändern Gute Vorsätze,,15
begleiten den Jahresanfang,begleiten den Jahresanfang,,15
Vorsätze waren gestern,Vorsätze waren gestern,,15
Rauch,Rauch,,15
Fahrzeug lenken,Fahrzeug lenken,,15
StartseiteNewsDie schlimmsten Beifahrer,StartseiteNewsDie schlimmsten Beifahrer,,15
reden von Fahrerin,reden von Fahrerin,,15
Sekunde Ablenkung Folge,Sekunde Ablenkung Folge,,15
StartseiteNewsDie schlimmsten,StartseiteNewsDie schlimmsten,,15
Beifahrer,Beifahrer,,15
Fahrer,Fahrer,,15
schlimmsten Beifahrer,schlimmsten Beifahrer,,15
guten Beifahrer,guten Beifahrer,,15
Vorsätze begleiten,Vorsätze begleiten,,15
Zahngesundheit Gesunde Zähne,Zahngesundheit Gesunde Zähne,,19
gesunde Ernährung Folge,gesunde Ernährung Folge,,19
Herz schützen Risiko,Herz schützen Risiko,,19
Zähneputzen beugt Krankheiten,Zähneputzen beugt Krankheiten,,19
StartseiteNewsZähneputzen beugt Krankheiten,StartseiteNewsZähneputzen beugt Krankheiten,,19
Regelmäßiges Zähneputzen beugt,Regelmäßiges Zähneputzen beugt,,19
Risiko für Vorhofflimmern,Risiko für Vorhofflimmern,,19
Vorhofflimmern und Herzinsuffizienz,Vorhofflimmern und Herzinsuffizienz,,19
Ernährung Folge,Ernährung Folge,,19
richtige Zahnpflege,richtige Zahnpflege,,19
orale Prävention DMS,orale Prävention DMS,,20
Zahnfleisch erleichtert Coronaviren,Zahnfleisch erleichtert Coronaviren,,20
Coronaviren den Eintritt,Coronaviren den Eintritt,,20
entzündetes Zahnfleisch erleichtert,entzündetes Zahnfleisch erleichtert,,20
Prävention DMS,Prävention DMS,,20
Corona Im Mund,Corona Im Mund,,20
Immunabwehr Weniger Komplikationen,Immunabwehr Weniger Komplikationen,,20
Besuch kommt Folge,Besuch kommt Folge,,20
stark gegen Corona,stark gegen Corona,,20
Corona Ein entzündetes,Corona Ein entzündetes,,20
richtige Hygiene schützt,richtige Hygiene schützt,,21
Mitmenschen vor Krankheiten,Mitmenschen vor Krankheiten,,21
Husten oder Niesen,Husten oder Niesen,,21
richtige Hygiene,richtige Hygiene,,21
Hygiene schützt,Hygiene schützt,,21
anstecken möchten,anstecken möchten,,21
ausreichender Hygiene schmal,ausreichender Hygiene schmal,,21
Hygiene-Mythen Folge,Hygiene-Mythen Folge,,21
Niesen hält,Niesen hält,,21
Hygiene,Hygiene,,21
Wissen im Netz,Wissen im Netz,,21
Netz Folge,Netz Folge,,21
Corona die Hand,Corona die Hand,,21
Hygiene-Mythen Wissen,Hygiene-Mythen Wissen,,21
Doris Wolf,Doris Wolf,,25
Angst,Angst,,25
Folge uns Buchtipp,Folge uns Buchtipp,,25
Ängste verstehen,Ängste verstehen,,25
Doris,Doris,,25
Kontrolle Angst gehört,Kontrolle Angst gehört,,25
passiert im Körper,passiert im Körper,,25
Kontrolle Angst,Kontrolle Angst,,25
Wolf,Wolf,,25
Leben,Leben,,25
Corona Einsamkeit überwinden,Corona Einsamkeit überwinden,,25
Einsamkeit überwinden Einsamkeit,Einsamkeit überwinden Einsamkeit,,25
hilft Einsamkeit kennt,hilft Einsamkeit kennt,,25
überwinden Einsamkeit überwinden,überwinden Einsamkeit überwinden,,25
Einsamkeit überwinden,Einsamkeit überwinden,,25
Strategien Interview,Strategien Interview,,25
Corona Einsamkeit,Corona Einsamkeit,,25
krank macht Buchtipp,krank macht Buchtipp,,25
kennt jeder Veränderungen,kennt jeder Veränderungen,,25
Job und Gesundheit,Job und Gesundheit,,25
Kontrolle Sorge,Kontrolle Sorge,,25
Sorge um Job,Sorge um Job,,25
reagiert der Körper,reagiert der Körper,,25
Rudern Drücken Seitheben,Rudern Drücken Seitheben,,22
Drücken Seitheben Ausfallschritt,Drücken Seitheben Ausfallschritt,,22
Seitheben Ausfallschritt Brücke,Seitheben Ausfallschritt Brücke,,22
Ausfallschritt Brücke Hanteltraining,Ausfallschritt Brücke Hanteltraining,,22
Umsteiger Folge,Umsteiger Folge,,22
Folge uns Rudern,Folge uns Rudern,,22
Rudern Drücken,Rudern Drücken,,22
Drücken Seitheben,Drücken Seitheben,,22
Seitheben Ausfallschritt,Seitheben Ausfallschritt,,22
Ausfallschritt Brücke,Ausfallschritt Brücke,,22
euren Lebensmittelvorrat,euren Lebensmittelvorrat,,32
essen Folge,essen Folge,,32
Lebensmittelvorrat Im Vorratsschrank,Lebensmittelvorrat Im Vorratsschrank,,32
Vorrat an Lebensmitteln,Vorrat an Lebensmitteln,,32
Lebensmitteln im Haus,Lebensmitteln im Haus,,32
Checkliste für euren,Checkliste für euren,,32
jenseits von Corona,jenseits von Corona,,32
StartseiteErnährungNachhaltig genießenCheckliste,StartseiteErnährungNachhaltig genießenCheckliste,,32
Tipps Besser essen,Tipps Besser essen,,32
Rezepte für kalte,Rezepte für kalte,,23
Kartoffel-Kräutersuppe Lauch-Quiche Erbsensuppe,Kartoffel-Kräutersuppe Lauch-Quiche Erbsensuppe,,23
Möhrensuppe mit Klößchen,Möhrensuppe mit Klößchen,,23
Erbsensuppe mit Feta,Erbsensuppe mit Feta,,23
Feta Folge,Feta Folge,,23
kalte Tage Möhrensuppe,kalte Tage Möhrensuppe,,23
Lauch-Quiche Erbsensuppe,Lauch-Quiche Erbsensuppe,,23
Folge uns Rezepte,Folge uns Rezepte,,23
Heiligabend rückt näher,Heiligabend rückt näher,,23
StartseiteErnährungRezepteNachhaltiges Weihnachtsessen Heiligabend,StartseiteErnährungRezepteNachhaltiges Weihnachtsessen Heiligabend,,23
Weihnachtsessen Heiligabend rückt,Weihnachtsessen Heiligabend rückt,,23
Weihnachtsessen Klimaküche Leckeres,Weihnachtsessen Klimaküche Leckeres,,23
Klimaküche Leckeres Weihnachtsessen,Klimaküche Leckeres Weihnachtsessen,,23
Nachhaltiges Weihnachtsessen Klimaküche,Nachhaltiges Weihnachtsessen Klimaküche,,23
Klimaküche Leckeres,Klimaküche Leckeres,,23
Heiligabend rückt,Heiligabend rückt,,23
Weihnachtsessen Heiligabend,Weihnachtsessen Heiligabend,,23
Wissen für junge,Wissen für junge,,24
junge Erwachsene,junge Erwachsene,,24
junge Erwachsene Wieso,junge Erwachsene Wieso,,24
zutiefst einschneidendes Erlebnis,zutiefst einschneidendes Erlebnis,,24
einschneidendes Erlebnis,einschneidendes Erlebnis,,24
Erwachsene Wieso,Erwachsene Wieso,,24
Krebs,Krebs,,24
Jung,Jung,,24
Studie belegt Wirksamkeit,Studie belegt Wirksamkeit,,25
hilft Studie belegt,hilft Studie belegt,,25
haarige Beine,haarige Beine,,25
hilft Studie,hilft Studie,,25
belegt Wirksamkeit,belegt Wirksamkeit,,25
heilen Spinnenangst,heilen Spinnenangst,,25
Studie belegt,Studie belegt,,25
Spinnen,Spinnen,,25
Spinnen menschliche Behausungen,Spinnen menschliche Behausungen,,25
Psychische Probleme,Psychische Probleme,,26
Krise Psychische Probleme,Krise Psychische Probleme,,26
begleiten Psychische Probleme,begleiten Psychische Probleme,,26
Psychische Probleme nehmen,Psychische Probleme nehmen,,26
Krise Psychische,Krise Psychische,,26
Kindern und Jugendlichen,Kindern und Jugendlichen,,26
begleiten Psychische,begleiten Psychische,,26
Probleme in Zeiten,Probleme in Zeiten,,26
Probleme,Probleme,,26
Mögliche psychische Probleme,Mögliche psychische Probleme,,26
stärker als Stubenhocker,stärker als Stubenhocker,,27
Kinder glücklich Kinder,Kinder glücklich Kinder,,27
Komm mal runter,Komm mal runter,,27
verhaltensauffällig und emotional,verhaltensauffällig und emotional,,27
emotional stärker,emotional stärker,,27
Angst und Depressionen,Angst und Depressionen,,27
Depressionen Wohlhabende,Depressionen Wohlhabende,,27
frischen Luft,frischen Luft,,27
Kinder glücklich,Kinder glücklich,,27
braucht,braucht,,27
Kinderspiele,Kinderspiele,,27
Start,Start,,27
Buch,Buch,,27
Decke,Decke,,27
JahrenFür,JahrenFür,,27
StartseiteFamilieFamilienlebenMacht,StartseiteFamilieFamilienlebenMacht,,27
tolle Kinderspiele,tolle Kinderspiele,,27
draußen Langeweile,draußen Langeweile,,27
Melatonin bekämpfen,Melatonin bekämpfen,,28
Stiftung Warentest,Stiftung Warentest,,28
Inhaltsstoff Melatonin versprechen,Inhaltsstoff Melatonin versprechen,,28
Melatonin,Melatonin,,28
Inhaltsstoff Melatonin,Inhaltsstoff Melatonin,,28
Schlaf,Schlaf,,28
Stiftung,Stiftung,,28
Melatonin versprechen,Melatonin versprechen,,28
Warentest,Warentest,,28
StartseiteFamilieFamilienlebenFünf Gründe,StartseiteFamilieFamilienlebenFünf Gründe,,29
Social Distancing schmerzlich,Social Distancing schmerzlich,,29
Rituale,Rituale,,29
Corona und Social,Corona und Social,,29
Social Distancing,Social Distancing,,29
Gewohnheiten,Gewohnheiten,,29
Kita,Kita,,29
gemeinsame Mittagessen,gemeinsame Mittagessen,,29
Kinder lieben Gewohnheiten,Kinder lieben Gewohnheiten,,29
Distancing schmerzlich vermissen,Distancing schmerzlich vermissen,,29
Gehirn Britische Neurowissenschaftlerinnen,Gehirn Britische Neurowissenschaftlerinnen,,15
Britische Neurowissenschaftlerinnen,Britische Neurowissenschaftlerinnen,,15
Gehirn Britische,Gehirn Britische,,15
Folgen Hirnschäden,Folgen Hirnschäden,,15
Corona verändert,Corona verändert,,15
Corona lässt,Corona lässt,,15
Auswirkungen Corona,Auswirkungen Corona,,15
Corona lässt Gehirn,Corona lässt Gehirn,,15
verändert das Gehirn,verändert das Gehirn,,15
Laut Robert Koch-Institut,Laut Robert Koch-Institut,,30
Matratze Laut Robert,Matratze Laut Robert,,30
Robert Koch-Institut klagen,Robert Koch-Institut klagen,,30
guten Matratze Laut,guten Matratze Laut,,30
guten Matratze Tipps,guten Matratze Tipps,,30
richtige Bett Kopfkissen,richtige Bett Kopfkissen,,30
Bundesbürger über Schlafsto,Bundesbürger über Schlafsto,,30
Laut Robert,Laut Robert,,30
Robert Koch-Institut,Robert Koch-Institut,,30
Bett Kopfkissen,Bett Kopfkissen,,30
Haut,Haut,,31
Hautreizungen keine Chance,Hautreizungen keine Chance,,31
Sonnenschutz im Frühling,Sonnenschutz im Frühling,,31
Frühling,Frühling,,31
Sonne,Sonne,,31
Sonnenschutz,Sonnenschutz,,31
wichtig ist Frühlingssonne,wichtig ist Frühlingssonne,,31
Frühlingssonne nicht unterschätzen,Frühlingssonne nicht unterschätzen,,31
Sonne scheint,Sonne scheint,,31
StartseiteMedizinKörperWarum Sonnenschutz,StartseiteMedizinKörperWarum Sonnenschutz,,31
Frühling wichtig,Frühling wichtig,,31
unserem täglichen Begleiter,unserem täglichen Begleiter,,31
Hautprobleme durch Mund,Hautprobleme durch Mund,,31
Pickel und Hautreizungen,Pickel und Hautreizungen,,31
täglichen Begleiter,täglichen Begleiter,,31
Nasenschutz Wie entsteht,Nasenschutz Wie entsteht,,31
Chance Hautprobleme,Chance Hautprobleme,,31
unserem täglichen,unserem täglichen,,31
zweimal essen Folge,zweimal essen Folge,,32
Gericht mit Geflügel,Gericht mit Geflügel,,32
Gemüse Zutaten,Gemüse Zutaten,,32
Zubereitung Hähnchenpfanne,Zubereitung Hähnchenpfanne,,32
gesunden Gericht,gesunden Gericht,,32
StartseiteErnährungRezepteHähnchenpfanne mit Gemüse,StartseiteErnährungRezepteHähnchenpfanne mit Gemüse,,32
zweimal essen,zweimal essen,,32
Hähnchenpfanne mit Gemüse,Hähnchenpfanne mit Gemüse,,32
leckeren und gesunden,leckeren und gesunden,,32
Vorsicht Verwechslungsgefahr,Vorsicht Verwechslungsgefahr,,33
Bärlauch sammeln,Bärlauch sammeln,,33
Bärlauch,Bärlauch,,33
Verräterische Blätter Bärlauch,Verräterische Blätter Bärlauch,,33
Geruchstest Verräterische Blätter,Geruchstest Verräterische Blätter,,33
Blätter,Blätter,,33
StartseiteNewsBärlauch sammeln,StartseiteNewsBärlauch sammeln,,33
Blätter Bärlauch kaufen,Blätter Bärlauch kaufen,,33
Wasser,Wasser,,34
Essensphasen und Fastenzeiten,Essensphasen und Fastenzeiten,,34
Wasser und ungesüßter,Wasser und ungesüßter,,34
Intervallfasten,Intervallfasten,,34
Wohlfühlen und Abnehmen,Wohlfühlen und Abnehmen,,34
Stunden,Stunden,,34
Essensphasen,Essensphasen,,34
Fastenzeiten,Fastenzeiten,,34
isst,isst,,34
Prinzip,Prinzip,,34
Eisbaden,Eisbaden,,34
hart gesottene Winterschwimmerinnen,hart gesottene Winterschwimmerinnen,,34
frostige Wasser,frostige Wasser,,34
Winter,Winter,,34
gesottene Winterschwimmerinnen,gesottene Winterschwimmerinnen,,34
Medien fleißig Fotos,Medien fleißig Fotos,,34
See,See,,34
Jung und Alt,Jung und Alt,,34
Alzheimer und Krebs,Alzheimer und Krebs,,61
Wundergewürz,Wundergewürz,,61
Verbraucherzentrale NRW,Verbraucherzentrale NRW,,61
Erkrankungen nachgesagt,Erkrankungen nachgesagt,,61
wahre Wunderwirkungen,wahre Wunderwirkungen,,61
Wunderwirkungen gegen all,Wunderwirkungen gegen all,,61
all diese Erkrankungen,all diese Erkrankungen,,61
schmeckt Giftige Bitterstoffe,schmeckt Giftige Bitterstoffe,,35
Giftige Bitterstoffe,Giftige Bitterstoffe,,35
bitter schmeckt Giftige,bitter schmeckt Giftige,,35
bittere Kürbisse,bittere Kürbisse,,35
Kürbis bitter,Kürbis bitter,,35
schmeckt Giftige,schmeckt Giftige,,35
Bitterstoffe Wie gefährlich,Bitterstoffe Wie gefährlich,,35
Bitterstoffe,Bitterstoffe,,35
Händen Dein Stress,Händen Dein Stress,,36
Drittel mehr Anrufe,Drittel mehr Anrufe,,36
Studiendaten Folge,Studiendaten Folge,,36
Existenzielle Ängste,Existenzielle Ängste,,36
Anrufe,Anrufe,,36
Themen beschäftigten,Themen beschäftigten,,36
Pandemie sorgt,Pandemie sorgt,,36
Sorgentelefonen,Sorgentelefonen,,36
Sorgentelefonen Andere Themen,Sorgentelefonen Andere Themen,,36
Beeren Cremige Kartoffelsuppe,Beeren Cremige Kartoffelsuppe,,37
Kürbissoße Spanische Paella,Kürbissoße Spanische Paella,,37
Spanische Paella Folge,Spanische Paella Folge,,37
Cremige Kartoffelsuppe Apfel-Pancakes,Cremige Kartoffelsuppe Apfel-Pancakes,,37
Pro Portion,Pro Portion,,37
Milchreis mit Beeren,Milchreis mit Beeren,,37
Beeren Cremige,Beeren Cremige,,37
Cremige Kartoffelsuppe,Cremige Kartoffelsuppe,,37
Zimt Nudeln,Zimt Nudeln,,37
Nudeln mit Kürbissoße,Nudeln mit Kürbissoße,,37
Vorteile Beste Uhrzeit,Vorteile Beste Uhrzeit,,38
Lerche oder Nachtigall,Lerche oder Nachtigall,,38
Sport Studie,Sport Studie,,38
Abnehmen Folge,Abnehmen Folge,,38
Biorhythmus Sport,Biorhythmus Sport,,38
Sport Lerche,Sport Lerche,,38
Vorteile Beste,Vorteile Beste,,38
Beste Uhrzeit,Beste Uhrzeit,,38
Uhrzeit andere Vorteile,Uhrzeit andere Vorteile,,38
Impfpass,Impfpass,,39
Gefälschter Impfpass,Gefälschter Impfpass,,39
StartseiteNewsGefälschter Impfpass,StartseiteNewsGefälschter Impfpass,,39
gefälschter Impfpass,gefälschter Impfpass,,39
Bürgermeister Michael Müller,Bürgermeister Michael Müller,,39
gefälschter,gefälschter,,39
gefälschter Impfpass scheint,gefälschter Impfpass scheint,,39
regierender Bürgermeister Michael,regierender Bürgermeister Michael,,39
Gebrauch gefälschter Impfpässe,Gebrauch gefälschter Impfpässe,,39
Berlins regierender Bürgermeister,Berlins regierender Bürgermeister,,39
impfen lassen,impfen lassen,,39
lassen,lassen,,39
persönliche Gründe,persönliche Gründe,,39
gefälschten Impfpass organisiert,gefälschten Impfpass organisiert,,39
riskiert hohe Strafen,riskiert hohe Strafen,,39
Psychologe Cliff Arnall,Psychologe Cliff Arnall,,15
Montag,Montag,,15
Psychologe Cliff,Psychologe Cliff,,15
Cliff Arnall,Cliff Arnall,,15
britische Psychologe Cliff,britische Psychologe Cliff,,15
Silvester,Silvester,,15
Januar,Januar,,15
guten Vorsätze,guten Vorsätze,,15
Tiefpunkt nach Weihnachten,Tiefpunkt nach Weihnachten,,15
Sport hilft,Sport hilft,,40
Blutdruck,Blutdruck,,40
Wert,Wert,,40
systolische Wert,systolische Wert,,40
mmHg,mmHg,,40
diastolische Wert,diastolische Wert,,40
Blutdruck senken,Blutdruck senken,,40
Blutdrucksenken durch Ausdauersport,Blutdrucksenken durch Ausdauersport,,40
Medikamente den Dienst,Medikamente den Dienst,,40
Händen abklären lassen,Händen abklären lassen,,41
Händen und Fingern,Händen und Fingern,,41
Karpaltunnelsyndrom Frauen trifft,Karpaltunnelsyndrom Frauen trifft,,41
Ursache Karpaltunnelsyndrom Frauen,Ursache Karpaltunnelsyndrom Frauen,,41
lassen Ursache Karpaltunnelsyndrom,lassen Ursache Karpaltunnelsyndrom,,41
Karpaltunnelsyndrom Frauen,Karpaltunnelsyndrom Frauen,,41
Händen,Händen,,41
abklären lassen Ursache,abklären lassen Ursache,,41
Bastian Marquaß,Bastian Marquaß,,41
Emser Nasenspülsalz,Emser Nasenspülsalz,,42
Portionsbeutel Emser Nasenspülsalz,Portionsbeutel Emser Nasenspülsalz,,42
Luft Pollenallergiker,Luft Pollenallergiker,,42
besondere Salz Folge,besondere Salz Folge,,42
anderem Niesattacken verursachen,anderem Niesattacken verursachen,,42
Emser,Emser,,42
Nasenspülsalz,Nasenspülsalz,,42
Nasendusche,Nasendusche,,42
Emser Nasendusche angepasst,Emser Nasendusche angepasst,,42
Nase,Nase,,42
Gefüllte Kartoffelhälften Zutaten,Gefüllte Kartoffelhälften Zutaten,,43
Tomatensoße Kartoffeltortilla Hähnchenpfanne,Tomatensoße Kartoffeltortilla Hähnchenpfanne,,43
Kartoffeltortilla Hähnchenpfanne Pfannkuchen,Kartoffeltortilla Hähnchenpfanne Pfannkuchen,,43
Hähnchenpfanne Pfannkuchen Folge,Hähnchenpfanne Pfannkuchen Folge,,43
zweimal essen Zutaten,zweimal essen Zutaten,,43
essen Nudelsalat Zutaten,essen Nudelsalat Zutaten,,43
zweimal essen Nudelsalat,zweimal essen Nudelsalat,,43
zweimal essen Gefüllte,zweimal essen Gefüllte,,43
zweimal essen Wrap,zweimal essen Wrap,,43
essen Gefüllte Kartoffelhälften,essen Gefüllte Kartoffelhälften,,43
Kohlrabicremesuppe Iss bunt,Kohlrabicremesuppe Iss bunt,,44
Frühlingsrezepte Erdbeer-Trifle Türkische,Frühlingsrezepte Erdbeer-Trifle Türkische,,44
Türkische Spinat-Eier Kichererbsen-Salat,Türkische Spinat-Eier Kichererbsen-Salat,,44
Erdbeer-Trifle Türkische Spinat-Eier,Erdbeer-Trifle Türkische Spinat-Eier,,44
Kohlrabicremesuppe Iss,Kohlrabicremesuppe Iss,,44
vegetarische Frühlingsrezepte Erdbeer-Trifle,vegetarische Frühlingsrezepte Erdbeer-Trifle,,44
vegetarische Frühlingsrezepte zusammengestellt,vegetarische Frühlingsrezepte zusammengestellt,,44
vegetarische Frühlingsrezepte,vegetarische Frühlingsrezepte,,44
Frühlingsrezepte zusammengestellt,Frühlingsrezepte zusammengestellt,,44
Iss bunt,Iss bunt,,44
Coronatest Toxische Beziehung,Coronatest Toxische Beziehung,,45
Partnerschaft im Coronatest,Partnerschaft im Coronatest,,45
Kraft geben,Kraft geben,,45
Geborgenheit vermitteln,Geborgenheit vermitteln,,45
krank machen Eigentlich,krank machen Eigentlich,,45
Klaus-Dirk Kampz,Klaus-Dirk Kampz,,45
Partner,Partner,,45
Beziehungen,Beziehungen,,45
Toxische Beziehung,Toxische Beziehung,,45
Beziehungen können krank,Beziehungen können krank,,45
Symptome erkennen,Symptome erkennen,,46
miese Verräter,miese Verräter,,46
richtige Therapie STI-Test,richtige Therapie STI-Test,,46
STI-Test für Zuhause,STI-Test für Zuhause,,46
richtige Therapie,richtige Therapie,,46
Therapie STI-Test,Therapie STI-Test,,46
behandeln Chlamydien,behandeln Chlamydien,,46
erkennen und behandeln,erkennen und behandeln,,46
Chlamydien,Chlamydien,,46
Kaffeekirschen unseren Lebensmitteln,Kaffeekirschen unseren Lebensmitteln,,47
unseren Lebensmitteln,unseren Lebensmitteln,,47
Lebensmitteln das gewisse,Lebensmitteln das gewisse,,47
StartseiteNewsKaffeekirschen zählen,StartseiteNewsKaffeekirschen zählen,,47
gewisse Etwas geben,gewisse Etwas geben,,47
Früchte der Kaffeepflanze,Früchte der Kaffeepflanze,,47
Pulpe der Kaffeekirsche,Pulpe der Kaffeekirsche,,47
Aroma von Kaffeekirschen,Aroma von Kaffeekirschen,,47
Pulpe,Pulpe,,47
Novel Food,Novel Food,,47
Beleidigungen im Netz,Beleidigungen im Netz,,48
Verschwörungstheorien Jüngere häufiger,Verschwörungstheorien Jüngere häufiger,,48
liest Bücher Freunde,liest Bücher Freunde,,48
Kurs JIM-Studie Folge,Kurs JIM-Studie Folge,,48
Jüngere häufiger betroffen,Jüngere häufiger betroffen,,48
Stunden täglich online,Stunden täglich online,,48
Ton im Netz,Ton im Netz,,48
täglich online Smart-Speaker,täglich online Smart-Speaker,,48
Hassbotschaften und Verschwörungstheorien,Hassbotschaften und Verschwörungstheorien,,48
Handtaschen Rückenschmerzen verursachen,Handtaschen Rückenschmerzen verursachen,,49
Tipps Allheilmittel Bewegung,Tipps Allheilmittel Bewegung,,49
Allheilmittel Bewegung Folge,Allheilmittel Bewegung Folge,,49
betroffen Rückenschmerzen vermeiden,betroffen Rückenschmerzen vermeiden,,49
Rückenschmerzen verursachen Handtaschen,Rückenschmerzen verursachen Handtaschen,,49
StartseiteNewsWenn Handtaschen Rückenschmerzen,StartseiteNewsWenn Handtaschen Rückenschmerzen,,49
Tipps Allheilmittel,Tipps Allheilmittel,,49
falsches Heben,falsches Heben,,49
Rückenschmerzen verursachen Gründe,Rückenschmerzen verursachen Gründe,,49
Zeugnisstress Stressfaktor Halbjahreszeugnis,Zeugnisstress Stressfaktor Halbjahreszeugnis,,50
Stressfaktor Halbjahreszeugnis Zusätzliche,Stressfaktor Halbjahreszeugnis Zusätzliche,,50
Halbjahreszeugnis Zusätzliche Belastung,Halbjahreszeugnis Zusätzliche Belastung,,50
StartseiteNewsDie bke-Jugendberatung hilft,StartseiteNewsDie bke-Jugendberatung hilft,,50
Bundeskonferenz für Erziehungsberatung,Bundeskonferenz für Erziehungsberatung,,50
Stress wegen Zeugnissen,Stress wegen Zeugnissen,,50
Schülerinnen und Schüler,Schülerinnen und Schüler,,50
Zeugnisstress Stressfaktor,Zeugnisstress Stressfaktor,,50
Stressfaktor Halbjahreszeugnis,Stressfaktor Halbjahreszeugnis,,50
Halbjahreszeugnis Zusätzliche,Halbjahreszeugnis Zusätzliche,,50
dran am Hype,dran am Hype,,51
Pulver zerstoßenen Grüntee,Pulver zerstoßenen Grüntee,,51
Stress und Entzündungen,Stress und Entzündungen,,51
grünen Tee,grünen Tee,,51
Matcha,Matcha,,51
Hype,Hype,,51
Pulver,Pulver,,51
Tee,Tee,,51
Teepflanze Camellia sinensis,Teepflanze Camellia sinensis,,51
Planetary Health Diet,Planetary Health Diet,,52
Health Diet,Health Diet,,52
StartseiteNewsPlanetary Health Diet,StartseiteNewsPlanetary Health Diet,,52
Planetary Health,Planetary Health,,52
sogenannte Planetary Health,sogenannte Planetary Health,,52
Welt retten,Welt retten,,52
StartseiteNewsPlanetary Health,StartseiteNewsPlanetary Health,,52
Health,Health,,52
Jod,Jod,,53
Jodtabletten,Jodtabletten,,53
StartseiteNewsHochdosierte Jodtabletten,StartseiteNewsHochdosierte Jodtabletten,,53
hochdosiertes Jod,hochdosiertes Jod,,53
hochdosierte Jodtabletten,hochdosierte Jodtabletten,,53
Millionen hochdosierte Jodtabletten,Millionen hochdosierte Jodtabletten,,53
Schilddrüse,Schilddrüse,,53
Deutschland kennen Jodtabletten,Deutschland kennen Jodtabletten,,53
nuklearen Verseuchung,nuklearen Verseuchung,,53
radioaktives Jod,radioaktives Jod,,53
Herbstklassiker Beliebte Kürbissorten,Herbstklassiker Beliebte Kürbissorten,,54
vielseitigen Herbstklassiker Beliebte,vielseitigen Herbstklassiker Beliebte,,54
Herbstklassiker Beliebte,Herbstklassiker Beliebte,,54
Beliebte Kürbissorten,Beliebte Kürbissorten,,54
Kürbissoße Kürbiscurry Kürbisse,Kürbissoße Kürbiscurry Kürbisse,,54
Carotinoide Wichtige Mineralstoffe,Carotinoide Wichtige Mineralstoffe,,54
Wichtige Mineralstoffe Sättigende,Wichtige Mineralstoffe Sättigende,,54
Schale,Schale,,54
Butternut Muskatkürbis Bischofsmütze,Butternut Muskatkürbis Bischofsmütze,,54
Kürbis,Kürbis,,54
Alkohol,Alkohol,,55
Dry January,Dry January,,55
bringt ein Monat,bringt ein Monat,,55
Alkohol pro Kopf,Alkohol pro Kopf,,55
Litern,Litern,,55
Litern Bier,Litern Bier,,55
Litern pro Kopf,Litern pro Kopf,,55
Insel gehört Alkohol,Insel gehört Alkohol,,55
Alkohol auszukommen,Alkohol auszukommen,,55
Deuschland Gesellschaftsdroge Alkohol,Deuschland Gesellschaftsdroge Alkohol,,55
Öko-Barometer Regionale Herkunft,Öko-Barometer Regionale Herkunft,,21
aktuelle Öko-Barometer Spitzenreiter,aktuelle Öko-Barometer Spitzenreiter,,21
Spitzenreiter sind Gemüse,Spitzenreiter sind Gemüse,,21
Obst und Eier,Obst und Eier,,21
Eier Bio,Eier Bio,,21
Regionale Herkunft,Regionale Herkunft,,21
Appetit auf Bio-Lebensmittel,Appetit auf Bio-Lebensmittel,,21
Supermarkt Das steckt,Supermarkt Das steckt,,21
leckere Herbstrezepte Tagliatelle,leckere Herbstrezepte Tagliatelle,,56
Tagliatelle mit Pfifferlingen,Tagliatelle mit Pfifferlingen,,56
Apfelgrütze mit Zimtjoghurt,Apfelgrütze mit Zimtjoghurt,,56
Herbstrezepte Tagliatelle,Herbstrezepte Tagliatelle,,56
Pflaumen-Crumble Apfelgrütze,Pflaumen-Crumble Apfelgrütze,,56
leckere Herbstrezepte,leckere Herbstrezepte,,56
Gründe für einheimische,Gründe für einheimische,,56
Herbstzeit ist Erntezeit,Herbstzeit ist Erntezeit,,56
leckere Herbstrezepte Herbstzeit,leckere Herbstrezepte Herbstzeit,,56
Herbstrezepte Herbstzeit,Herbstrezepte Herbstzeit,,56
BSS Deutsche Pflegeallianz,BSS Deutsche Pflegeallianz,,57
Viren und Bakterien,Viren und Bakterien,,57
Bakterien in Schach,Bakterien in Schach,,57
Themengebiet der Pflege,Themengebiet der Pflege,,57
Pflege als Ratgeber,Pflege als Ratgeber,,57
Ratgeber zur Seite,Ratgeber zur Seite,,57
Hilfestellung für Betroffene,Hilfestellung für Betroffene,,57
Deutsche Pflegeallianz GmbH,Deutsche Pflegeallianz GmbH,,57
Pandemie Desinfektionsmittel einfach,Pandemie Desinfektionsmittel einfach,,57
Händehygiene im Abo,Händehygiene im Abo,,57
Kaffee trinken,Kaffee trinken,,58
Herzflattern Herzklopfen,Herzflattern Herzklopfen,,58
Kaffee Überraschung,Kaffee Überraschung,,58
Kaffee trinken gesund,Kaffee trinken gesund,,58
Herz rast,Herz rast,,58
trinken ohne Herzflattern,trinken ohne Herzflattern,,58
senkt das Risiko,senkt das Risiko,,58
Kaffee,Kaffee,,58
täglichen Tassen Kaffee,täglichen Tassen Kaffee,,58
Gruppe,Gruppe,,59
Stress ansteckend,Stress ansteckend,,59
StartseiteNewsIst Stress ansteckend,StartseiteNewsIst Stress ansteckend,,59
Stress,Stress,,59
Wir-Gefühl,Wir-Gefühl,,59
StartseiteNewsIst Stress,StartseiteNewsIst Stress,,59
Universitäten Gießen,Universitäten Gießen,,59
Teilnehmerinnen und Teilnehmer,Teilnehmerinnen und Teilnehmer,,59
Stresshormon Cortisol,Stresshormon Cortisol,,59
ansteckend,ansteckend,,59
StartseiteNewsZu alt,StartseiteNewsZu alt,,59
Tattoos,Tattoos,,59
Tattoos schön,Tattoos schön,,59
Welt zunehmender Beliebtheit,Welt zunehmender Beliebtheit,,59
Frage,Frage,,59
Tätowierungen,Tätowierungen,,59
persönlichen Geschmacks,persönlichen Geschmacks,,59
Frage der Sozialisation,Frage der Sozialisation,,59
Tätowierungen ästhetisch,Tätowierungen ästhetisch,,59
getestet Beruhigender Einfluss,getestet Beruhigender Einfluss,,60
Schmerzen Junge Frauen,Schmerzen Junge Frauen,,60
garantiert nebenwirkungsfreies Schmerzmittel,garantiert nebenwirkungsfreies Schmerzmittel,,60
Junge Frauen getestet,Junge Frauen getestet,,60
Frauen getestet Beruhigender,Frauen getestet Beruhigender,,60
Rückwärts zählen hilft,Rückwärts zählen hilft,,60
Prozent weniger Entspannung,Prozent weniger Entspannung,,60
zählen hilft Foto,zählen hilft Foto,,60
nebenwirkungsfreies Schmerzmittel ausprobieren,nebenwirkungsfreies Schmerzmittel ausprobieren,,60
Beruhigender Einfluss,Beruhigender Einfluss,,60
Nahrungsergänzungsmittel,Nahrungsergänzungsmittel,,61
Curcumin,Curcumin,,61
Kurkuma,Kurkuma,,61
glücklich Freiwilliges Engagement,glücklich Freiwilliges Engagement,,62
Geist der Weihnacht,Geist der Weihnacht,,62
Freiwilliges Engagement,Freiwilliges Engagement,,62
stärkt die Gesundheit,stärkt die Gesundheit,,62
gesund Vom Geist,gesund Vom Geist,,62
glücklich Freiwilliges,glücklich Freiwilliges,,62
Gesundheit Helfen,Gesundheit Helfen,,62
Weihnacht Anderen helfen,Weihnacht Anderen helfen,,62
Engagement Anderen helfen,Engagement Anderen helfen,,62
helfen,helfen,,62
unterschiedliche Bedürfnisse Kitapersonal,unterschiedliche Bedürfnisse Kitapersonal,,63
Kitapersonal ermuntert Eltern,Kitapersonal ermuntert Eltern,,63
Bedürfnisse Kitapersonal ermuntert,Bedürfnisse Kitapersonal ermuntert,,63
erfüllt unterschiedliche Bedürfnisse,erfüllt unterschiedliche Bedürfnisse,,63
Vorlesetag Vorlesen erfüllt,Vorlesetag Vorlesen erfüllt,,63
Vorlesen erfüllt unterschiedliche,Vorlesen erfüllt unterschiedliche,,63
Kitas Vorlesestudie,Kitas Vorlesestudie,,63
Ritual in Kitas,Ritual in Kitas,,63
Bedürfnisse Kitapersonal,Bedürfnisse Kitapersonal,,63
Vorlesen Folge,Vorlesen Folge,,63
Weihnachtsbaum Schöne Weihnachten,Weihnachtsbaum Schöne Weihnachten,,64
Schöne Weihnachten Folge,Schöne Weihnachten Folge,,64
ökologischem Waldbau Rent,ökologischem Waldbau Rent,,64
Feiern ohne Weihnachtsbaum,Feiern ohne Weihnachtsbaum,,64
Robin Wood,Robin Wood,,64
Waldbau Rent,Waldbau Rent,,64
Rent a Weihnachtsbaum,Rent a Weihnachtsbaum,,64
Weihnachtsbaum Schöne,Weihnachtsbaum Schöne,,64
Schöne Weihnachten,Schöne Weihnachten,,64
Weihnachten Folge,Weihnachten Folge,,64
Zeiten von Corona,Zeiten von Corona,,65
Kategorie Impfstatus einführen,Kategorie Impfstatus einführen,,65
Impfstatus einführen Einsamkeit,Impfstatus einführen Einsamkeit,,65
einführen Einsamkeit nimmt,einführen Einsamkeit nimmt,,65
neuer Datingfaktor,neuer Datingfaktor,,65
Partnerwahl Zeig,Partnerwahl Zeig,,65
Impfpass Keine Kategorie,Impfpass Keine Kategorie,,65
Corona zu Folge,Corona zu Folge,,65
StartseiteNewsImpfstatus punktet,StartseiteNewsImpfstatus punktet,,65
Partnerwahl In Zeiten,Partnerwahl In Zeiten,,65
unruhigen Zeiten Ängste,unruhigen Zeiten Ängste,,66
Zeiten Ängste rauben,Zeiten Ängste rauben,,66
gesund Ruckzuck einschlafen,gesund Ruckzuck einschlafen,,66
Schlaf hält fit,Schlaf hält fit,,66
unruhigen Zeiten,unruhigen Zeiten,,66
Zeiten Eine erholsame,Zeiten Eine erholsame,,66
Zeiten Ängste,Zeiten Ängste,,66
Folge uns Schlaflänge,Folge uns Schlaflänge,,66
Einschlafen Folge,Einschlafen Folge,,66
Ruckzuck einschlafen,Ruckzuck einschlafen,,66
psychische Erkrankung,psychische Erkrankung,,69
Annabelle Starck,Annabelle Starck,,69
Tick oder psychische,Tick oder psychische,,69
Betroffenen,Betroffenen,,69
vierthäufigsten psychischen Erkrankungen,vierthäufigsten psychischen Erkrankungen,,69
Gedanken,Gedanken,,69
Anzeichen einer Depression,Anzeichen einer Depression,,67
mittleren Lebensalter gehören,mittleren Lebensalter gehören,,67
Studie zur Gesundheit,Studie zur Gesundheit,,67
Gesundheit von Frauen,Gesundheit von Frauen,,67
Frauen Zusammenhang,Frauen Zusammenhang,,67
Lass die Augen,Lass die Augen,,67
Studie legt nahe,Studie legt nahe,,67
US-amerikanische Studie legt,US-amerikanische Studie legt,,67
mittleren Lebensalter,mittleren Lebensalter,,67
depressiv machen Studie,depressiv machen Studie,,67
Kindern,Kindern,,68
Hepatitis,Hepatitis,,68
Kindern Hepatitis Hepatitis,Kindern Hepatitis Hepatitis,,68
Health Security Agency,Health Security Agency,,68
betroffenen Kindern,betroffenen Kindern,,68
Hepatitis-Fälle bei Kindern,Hepatitis-Fälle bei Kindern,,68
StartseiteNewsHepatitis-Fälle bei Kindern,StartseiteNewsHepatitis-Fälle bei Kindern,,68
Leberentzündung,Leberentzündung,,68
Adenoviren,Adenoviren,,68
Zwangsstörungen,Zwangsstörungen,,69
Psychologin Annabelle Starck,Psychologin Annabelle Starck,,69
Annabelle,Annabelle,,69
Starck,Starck,,69
Michael Schaefer,Michael Schaefer,,70
Iliosakralgelenk,Iliosakralgelenk,,70
ISG,ISG,,70
Schmerzen,Schmerzen,,70
Gelenk,Gelenk,,70
unteren Rücken Wofür,unteren Rücken Wofür,,70
Bandscheibenvorfall ähneln,Bandscheibenvorfall ähneln,,70
Gelenks,Gelenks,,70
erklärt,erklärt,,70
genaue Diagnose,genaue Diagnose,,70
Folgen von Corona,Folgen von Corona,,71
Corona Neues Angebot,Corona Neues Angebot,,71
Angebot der DAK,Angebot der DAK,,71
DAK Hotline,DAK Hotline,,71
Beratungstelefon der DAK-Gesundheit,Beratungstelefon der DAK-Gesundheit,,71
Corona-Lage Folge,Corona-Lage Folge,,71
spezielles Beratungstelefon,spezielles Beratungstelefon,,71
Verlust von Geruchs,Verlust von Geruchs,,71
Long-COVID,Long-COVID,,71
Folgen einer Corona-Infektion,Folgen einer Corona-Infektion,,71
Deutschland rettet Lebensmittel,Deutschland rettet Lebensmittel,,72
Citizen Science,Citizen Science,,72
Einkauf Lebensmittelabfälle,Einkauf Lebensmittelabfälle,,72
Lebensmittel retten beginnt,Lebensmittel retten beginnt,,72
privaten Haushalten,privaten Haushalten,,72
Deutschland rettet,Deutschland rettet,,72
beginnt beim Einkauf,beginnt beim Einkauf,,72
Lebensmittelabfälle in privaten,Lebensmittelabfälle in privaten,,72
StartseiteNewsLebensmittel retten beginnt,StartseiteNewsLebensmittel retten beginnt,,72
Lebensmittel retten,Lebensmittel retten,,72
Zwinkersmiley Sprachliche Stolperfallen,Zwinkersmiley Sprachliche Stolperfallen,,73
Sprachliche Stolperfallen Schau,Sprachliche Stolperfallen Schau,,73
gelungene Kommunikation Schultexte,gelungene Kommunikation Schultexte,,73
Zwinkersmiley Sprachliche,Zwinkersmiley Sprachliche,,73
Textmessenger auszutauschen,Textmessenger auszutauschen,,73
gelungene Kommunikation Jugendliche,gelungene Kommunikation Jugendliche,,73
Kommunikation Schultexte,Kommunikation Schultexte,,73
Schultexte und Textnachrichten,Schultexte und Textnachrichten,,73
Textnachrichten Manche Fehler,Textnachrichten Manche Fehler,,73
Sprachliche Stolperfallen,Sprachliche Stolperfallen,,73
Anatomie Kontrollorgan Blase,Anatomie Kontrollorgan Blase,,74
Kontrollorgan Blase Symptome,Kontrollorgan Blase Symptome,,74
Nebensache der Welt,Nebensache der Welt,,74
schönste Nebensache,schönste Nebensache,,74
Frage der Anatomie,Frage der Anatomie,,74
Anatomie Kontrollorgan,Anatomie Kontrollorgan,,74
Kontrollorgan Blase,Kontrollorgan Blase,,74
Blase Symptome,Blase Symptome,,74
verursacht Eine Frage,verursacht Eine Frage,,74
Blase,Blase,,74
